{"stats":{"minecraft:crafted":{"minecraft:golden_carrot":51,"minecraft:cookie":144,"minecraft:oak_planks":416,"minecraft:furnace":1,"minecraft:diamond_shovel":1,"minecraft:bookshelf":12,"minecraft:cooked_mutton":1,"minecraft:suspicious_stew":7,"minecraft:diamond_helmet":1,"minecraft:diamond_leggings":1,"minecraft:iron_axe":2,"minecraft:diamond_boots":1,"minecraft:wheat":162,"minecraft:emerald":521,"minecraft:cooked_porkchop":2,"minecraft:crafting_table":2,"minecraft:iron_helmet":1,"minecraft:birch_planks":24,"minecraft:enchanted_book":2,"minecraft:bread":156,"minecraft:air":0,"minecraft:iron_chestplate":1,"minecraft:diamond_pickaxe":1,"minecraft:shield":1,"minecraft:stick":872,"minecraft:iron_ingot":41,"minecraft:iron_pickaxe":1,"minecraft:pumpkin_pie":52,"minecraft:torch":48,"minecraft:diamond_chestplate":1},"minecraft:broken":{"minecraft:stone_axe":1,"minecraft:iron_pickaxe":1},"minecraft:custom":{"minecraft:interact_with_anvil":3,"minecraft:mob_kills":18,"minecraft:interact_with_crafting_table":12,"minecraft:open_barrel":34,"minecraft:leave_game":9,"minecraft:time_since_death":70647,"minecraft:sprint_one_cm":524263,"minecraft:walk_one_cm":324261,"minecraft:damage_blocked_by_shield":424,"minecraft:drop":48,"minecraft:talked_to_villager":120,"minecraft:play_time":163640,"minecraft:deaths":2,"minecraft:sneak_time":1662,"minecraft:walk_under_water_one_cm":7060,"minecraft:jump":2782,"minecraft:interact_with_blast_furnace":6,"minecraft:enchant_item":1,"minecraft:walk_on_water_one_cm":23547,"minecraft:total_world_time":163640,"minecraft:interact_with_furnace":30,"minecraft:traded_with_villager":604,"minecraft:interact_with_grindstone":4,"minecraft:interact_with_stonecutter":1,"minecraft:sleep_in_bed":10,"minecraft:time_since_rest":41832,"minecraft:damage_taken":2662,"minecraft:damage_dealt":3963,"minecraft:swim_one_cm":13527,"minecraft:player_kills":1,"minecraft:fly_one_cm":438732,"minecraft:open_chest":31,"minecraft:crouch_one_cm":2355,"minecraft:interact_with_smoker":1,"minecraft:fall_one_cm":57053},"minecraft:picked_up":{"minecraft:crafting_table":10,"minecraft:iron_chestplate":1,"minecraft:wheat":1,"minecraft:amethyst_block":76,"minecraft:raw_copper":5,"minecraft:iron_leggings":2,"minecraft:cobbled_deepslate":76,"minecraft:bucket":1,"minecraft:beef":4,"minecraft:rose_bush":9,"minecraft:calcite":1,"minecraft:iron_pickaxe":2,"minecraft:furnace":6,"minecraft:stick":3,"minecraft:raw_iron":28,"minecraft:torch":10,"minecraft:porkchop":16,"minecraft:pointed_dripstone":3,"minecraft:diorite":21,"minecraft:carrot":111,"minecraft:redstone":36,"minecraft:rotten_flesh":28,"minecraft:beetroot_seeds":12,"minecraft:hay_block":18,"minecraft:totem_of_undying":1,"minecraft:glow_berries":9,"minecraft:mutton":6,"minecraft:rail":3,"minecraft:white_wool":2,"minecraft:cobblestone":82,"minecraft:birch_log":6,"minecraft:pink_petals":4,"minecraft:glow_ink_sac":4,"minecraft:andesite":6,"minecraft:potato":22,"minecraft:tuff":51,"minecraft:oak_log":105,"minecraft:yellow_bed":5,"minecraft:gunpowder":1,"minecraft:lapis_lazuli":165,"minecraft:dirt":5,"minecraft:bone":4,"minecraft:wheat_seeds":18,"minecraft:raw_gold":27,"minecraft:iron_ingot":4,"minecraft:oak_planks":54,"minecraft:book":36,"minecraft:smooth_basalt":1,"minecraft:music_disc_13":1,"minecraft:dandelion":1,"minecraft:dripstone_block":15,"minecraft:gravel":5,"minecraft:birch_stairs":1,"minecraft:amethyst_shard":18,"minecraft:blast_furnace":1,"minecraft:diamond_shovel":2,"minecraft:diamond":28,"minecraft:stone_axe":1,"minecraft:granite":8,"minecraft:emerald":112,"minecraft:bread":24,"minecraft:oak_sapling":3,"minecraft:coal":118},"minecraft:killed_by":{"minecraft:player":1,"minecraft:creeper":1},"minecraft:mined":{"minecraft:tuff":29,"minecraft:deepslate_diamond_ore":12,"minecraft:granite":8,"minecraft:budding_amethyst":5,"minecraft:grass_block":1,"minecraft:hay_block":18,"minecraft:redstone_ore":4,"minecraft:furnace":3,"minecraft:carrots":1,"minecraft:iron_ore":3,"minecraft:cobbled_deepslate":9,"minecraft:andesite":6,"minecraft:deepslate_lapis_ore":9,"minecraft:bookshelf":12,"minecraft:deepslate_iron_ore":2,"minecraft:stone":63,"minecraft:birch_stairs":1,"minecraft:amethyst_cluster":3,"minecraft:crafting_table":3,"minecraft:torch":2,"minecraft:short_grass":11,"minecraft:blast_furnace":1,"minecraft:calcite":3,"minecraft:rose_bush":4,"minecraft:cobblestone":7,"minecraft:tall_grass":1,"minecraft:copper_ore":1,"minecraft:deepslate_coal_ore":1,"minecraft:lapis_ore":4,"minecraft:deepslate_gold_ore":25,"minecraft:oak_planks":13,"minecraft:diorite":12,"minecraft:wall_torch":6,"minecraft:amethyst_block":43,"minecraft:birch_log":7,"minecraft:birch_leaves":1,"minecraft:yellow_bed":6,"minecraft:oak_log":107,"minecraft:coal_ore":50,"minecraft:gravel":1,"minecraft:sand":1,"minecraft:dirt":5,"minecraft:smooth_basalt":1,"minecraft:oak_leaves":19,"minecraft:deepslate":52},"minecraft:killed":{"minecraft:skeleton":5,"minecraft:pig":5,"minecraft:sheep":2,"minecraft:zombie":5,"minecraft:cow":1},"minecraft:used":{"minecraft:shield":12,"minecraft:torch":59,"minecraft:dirt":5,"minecraft:carrot":8,"minecraft:tuff":43,"minecraft:granite":8,"minecraft:bookshelf":12,"minecraft:iron_axe":43,"minecraft:furnace":3,"minecraft:cobbled_deepslate":7,"minecraft:oak_planks":1,"minecraft:crafting_table":4,"minecraft:oak_log":1,"minecraft:diamond_shovel":21,"minecraft:bread":48,"minecraft:suspicious_stew":1,"minecraft:iron_pickaxe":389,"minecraft:stone_axe":114,"minecraft:cobblestone":33,"minecraft:cooked_porkchop":2,"minecraft:andesite":6,"minecraft:yellow_bed":5,"minecraft:birch_stairs":1},"minecraft:dropped":{"minecraft:iron_ingot":25,"minecraft:bread":1,"minecraft:wheat_seeds":6,"minecraft:diamond":6,"minecraft:dripstone_block":5,"minecraft:cobblestone":64,"minecraft:cookie":144,"minecraft:glow_berries":14,"minecraft:rail":1,"minecraft:coal":16,"minecraft:stick":3,"minecraft:diorite":3,"minecraft:rose_bush":1,"minecraft:iron_leggings":1,"minecraft:pumpkin_pie":52,"minecraft:white_wool":2,"minecraft:smooth_basalt":1,"minecraft:gravel":1,"minecraft:cobbled_deepslate":1,"minecraft:bowl":1,"minecraft:raw_iron":10,"minecraft:pointed_dripstone":3,"minecraft:oak_planks":18,"minecraft:cooked_mutton":1,"minecraft:totem_of_undying":1,"minecraft:carrot":25,"minecraft:blast_furnace":1,"minecraft:suspicious_stew":6,"minecraft:iron_chestplate":1,"minecraft:beetroot_seeds":4,"minecraft:oak_sapling":3,"minecraft:raw_gold":1,"minecraft:calcite":1}},"DataVersion":3955}