{"stats":{"minecraft:custom":{"minecraft:interact_with_crafting_table":103,"minecraft:open_barrel":294,"minecraft:open_shulker_box":10,"minecraft:leave_game":52,"minecraft:time_since_death":508162,"minecraft:sprint_one_cm":3206282,"minecraft:damage_blocked_by_shield":3723,"minecraft:drop":563,"minecraft:talked_to_villager":555,"minecraft:play_time":1185135,"minecraft:deaths":14,"minecraft:jump":26841,"minecraft:interact_with_brewingstand":15,"minecraft:walk_on_water_one_cm":171365,"minecraft:enchant_item":3,"minecraft:interact_with_furnace":79,"minecraft:traded_with_villager":1592,"minecraft:sleep_in_bed":53,"minecraft:open_enderchest":46,"minecraft:damage_dealt":84521,"minecraft:player_kills":4,"minecraft:crouch_one_cm":319018,"minecraft:inspect_dispenser":25,"minecraft:interact_with_smithing_table":9,"minecraft:interact_with_anvil":42,"minecraft:mob_kills":381,"minecraft:inspect_hopper":43,"minecraft:climb_one_cm":5581,"minecraft:walk_one_cm":2622187,"minecraft:raid_win":2,"minecraft:sneak_time":83552,"minecraft:walk_under_water_one_cm":25567,"minecraft:boat_one_cm":14692,"minecraft:interact_with_blast_furnace":19,"minecraft:total_world_time":1185135,"minecraft:interact_with_stonecutter":23,"minecraft:interact_with_grindstone":3,"minecraft:time_since_rest":4700,"minecraft:damage_absorbed":225,"minecraft:damage_taken":21782,"minecraft:swim_one_cm":66235,"minecraft:fly_one_cm":6350608,"minecraft:open_chest":631,"minecraft:fall_one_cm":683228},"minecraft:crafted":{"minecraft:oak_planks":372,"minecraft:barrel":20,"minecraft:oak_sign":45,"minecraft:blaze_powder":16,"minecraft:lever":7,"minecraft:diamond_shovel":2,"minecraft:bookshelf":45,"minecraft:shulker_box":10,"minecraft:glass":116,"minecraft:hopper":22,"minecraft:bow":3,"minecraft:diamond_leggings":1,"minecraft:iron_boots":1,"minecraft:netherite_boots":1,"minecraft:chest":46,"minecraft:netherite_helmet":1,"minecraft:ender_eye":14,"minecraft:name_tag":1,"minecraft:oak_slab":30,"minecraft:emerald":1391,"minecraft:arrow":384,"minecraft:diamond_axe":1,"minecraft:crafting_table":2,"minecraft:wooden_pickaxe":1,"minecraft:iron_helmet":1,"minecraft:brewing_stand":1,"minecraft:white_stained_glass_pane":80,"minecraft:lectern":3,"minecraft:iron_chestplate":6,"minecraft:paper":256,"minecraft:diamond_pickaxe":2,"minecraft:shield":3,"minecraft:stick":32,"minecraft:iron_pickaxe":1,"minecraft:iron_ingot":161,"minecraft:iron_block":3,"minecraft:stone_sword":2,"minecraft:gold_ingot":51,"minecraft:netherite_ingot":8,"minecraft:shears":2,"minecraft:golden_carrot":96,"minecraft:redstone":12,"minecraft:tripwire_hook":2,"minecraft:netherite_sword":1,"minecraft:furnace":2,"minecraft:bone_meal":3,"minecraft:flint_and_steel":1,"minecraft:oak_trapdoor":16,"minecraft:netherite_chestplate":1,"minecraft:netherite_axe":1,"minecraft:netherite_leggings":1,"minecraft:ender_pearl":12,"minecraft:stone_pickaxe":1,"minecraft:diamond_boots":2,"minecraft:netherite_scrap":56,"minecraft:netherite_pickaxe":1,"minecraft:diamond_sword":1,"minecraft:enchanting_table":1,"minecraft:bucket":1,"minecraft:stone_axe":1,"minecraft:glowstone":8,"minecraft:white_stained_glass":112,"minecraft:enchanted_book":48,"minecraft:air":0,"minecraft:jungle_planks":124,"minecraft:gold_nugget":207,"minecraft:iron_leggings":1,"minecraft:anvil":1,"minecraft:lapis_lazuli":12,"minecraft:diamond_chestplate":2},"minecraft:dropped":{"minecraft:iron_sword":1,"minecraft:birch_planks":31,"minecraft:soul_sand":29,"minecraft:piston":4,"minecraft:brown_mushroom":3,"minecraft:porkchop":16,"minecraft:diamond_axe":1,"minecraft:glass_bottle":14,"minecraft:diamond":1,"minecraft:crafting_table":1,"minecraft:cooked_porkchop":15,"minecraft:crossbow":3,"minecraft:netherite_upgrade_smithing_template":1,"minecraft:jungle_planks":4,"minecraft:saddle":1,"minecraft:rail":36,"minecraft:emerald":187,"minecraft:dirt":654,"minecraft:netherite_scrap":1,"minecraft:cornflower":2,"minecraft:jungle_sapling":1,"minecraft:gold_nugget":114,"minecraft:sugar":3,"minecraft:iron_pickaxe":1,"minecraft:white_wool":11,"minecraft:gold_ingot":307,"minecraft:bone":47,"minecraft:gravel":57,"minecraft:blackstone":117,"minecraft:crimson_fungus":1,"minecraft:stone_axe":2,"minecraft:sugar_cane":1,"minecraft:golden_chestplate":1,"minecraft:cobbled_deepslate":221,"minecraft:nether_brick":3,"minecraft:rotten_flesh":42,"minecraft:oak_planks":67,"minecraft:diamond_shovel":2,"minecraft:carrot":615,"minecraft:salmon":23,"minecraft:shulker_shell":1,"minecraft:poppy":5,"minecraft:gunpowder":14,"minecraft:coal_ore":1,"minecraft:arrow":3,"minecraft:powered_rail":32,"minecraft:crying_obsidian":5,"minecraft:ghast_tear":2,"minecraft:quartz":41,"minecraft:netherrack":577,"minecraft:lectern":4,"minecraft:water_bucket":2,"minecraft:enchanted_book":1,"minecraft:golden_boots":1,"minecraft:iron_ingot":3,"minecraft:oak_slab":4,"minecraft:wheat_seeds":26,"minecraft:cherry_log":1,"minecraft:mossy_cobblestone":1,"minecraft:minecart":5,"minecraft:bookshelf":23,"minecraft:diamond_leggings":5,"minecraft:oak_fence":4,"minecraft:feather":3,"minecraft:cobblestone":70,"minecraft:book":9,"minecraft:spectral_arrow":1,"minecraft:granite":14,"minecraft:coal":32,"minecraft:stick":18,"minecraft:oxeye_daisy":1,"minecraft:diamond_horse_armor":1,"minecraft:diorite":8,"minecraft:golden_carrot":91,"minecraft:torch":1,"minecraft:diamond_helmet":2,"minecraft:fire_charge":1,"minecraft:potion":1,"minecraft:iron_leggings":2,"minecraft:iron_axe":8,"minecraft:paper":32,"minecraft:string":8871,"minecraft:dandelion":8,"minecraft:stone_brick_slab":118,"minecraft:redstone":165,"minecraft:furnace":3,"minecraft:oak_trapdoor":8,"minecraft:deepslate":2,"minecraft:raw_iron":52,"minecraft:iron_hoe":1,"minecraft:stone_slab":14,"minecraft:totem_of_undying":1,"minecraft:flint_and_steel":1,"minecraft:copper_ore":7,"minecraft:diamond_sword":4,"minecraft:potato":1,"minecraft:stone":987,"minecraft:diamond_chestplate":2,"minecraft:iron_chestplate":6,"minecraft:diamond_pickaxe":4,"minecraft:andesite":11,"minecraft:oak_boat":2,"minecraft:redstone_torch":6,"minecraft:spider_eye":21,"minecraft:barrel":23,"minecraft:stone_bricks":106,"minecraft:bow":22,"minecraft:stone_pickaxe":2},"minecraft:broken":{"minecraft:diamond_helmet":1,"minecraft:stone_pickaxe":1,"minecraft:diamond_boots":1,"minecraft:diamond_shovel":1,"minecraft:stone_axe":2,"minecraft:stone_sword":1,"minecraft:wooden_pickaxe":1,"minecraft:shield":1},"minecraft:killed":{"minecraft:cave_spider":1,"minecraft:witch":8,"minecraft:spider":7,"minecraft:shulker":48,"minecraft:skeleton":32,"minecraft:magma_cube":20,"minecraft:piglin":10,"minecraft:pig":2,"minecraft:zombie_villager":2,"minecraft:iron_golem":7,"minecraft:ender_dragon":1,"minecraft:creeper":12,"minecraft:pillager":17,"minecraft:zombie":39,"minecraft:ghast":1,"minecraft:blaze":76,"minecraft:evoker":2,"minecraft:vex":4,"minecraft:endermite":1,"minecraft:vindicator":26,"minecraft:phantom":4,"minecraft:ravager":5,"minecraft:hoglin":3,"minecraft:wither_skeleton":4,"minecraft:villager":5,"minecraft:enderman":33},"minecraft:mined":{"minecraft:dragon_wall_head":2,"minecraft:white_bed":3,"minecraft:farmland":129,"minecraft:cherry_log":1,"minecraft:jungle_leaves":5,"minecraft:brewing_stand":1,"minecraft:obsidian":14,"minecraft:granite":17,"minecraft:grass_block":669,"minecraft:jungle_log":129,"minecraft:hopper":38,"minecraft:oak_wall_sign":8,"minecraft:nether_wart":25,"minecraft:magma_block":14,"minecraft:glowstone":1,"minecraft:iron_ore":32,"minecraft:barrel":46,"minecraft:fire":67,"minecraft:cobbled_deepslate":4,"minecraft:deepslate_lapis_ore":11,"minecraft:fletching_table":6,"minecraft:nether_brick_stairs":2,"minecraft:enchanting_table":2,"minecraft:twisting_vines":3,"minecraft:oak_sign":1,"minecraft:dirt_path":1,"minecraft:tripwire":17,"minecraft:piston_head":10,"minecraft:deepslate_redstone_ore":8,"minecraft:blackstone":46,"minecraft:twisting_vines_plant":5,"minecraft:soul_fire":6,"minecraft:torch":10,"minecraft:blast_furnace":1,"minecraft:chest":10,"minecraft:white_stained_glass_pane":19,"minecraft:nether_quartz_ore":185,"minecraft:cobblestone":66,"minecraft:damaged_anvil":1,"minecraft:oak_planks":108,"minecraft:sugar_cane":33,"minecraft:wall_torch":11,"minecraft:warped_nylium":4,"minecraft:powered_rail":18,"minecraft:purpur_block":1,"minecraft:oak_log":31,"minecraft:dirt":1117,"minecraft:smooth_basalt":2,"minecraft:tripwire_hook":3,"minecraft:ancient_debris":56,"minecraft:stonecutter":3,"minecraft:netherrack":7229,"minecraft:piston":16,"minecraft:oak_leaves":8,"minecraft:deepslate":718,"minecraft:nether_gold_ore":115,"minecraft:tuff":9,"minecraft:quartz_stairs":1,"minecraft:deepslate_diamond_ore":26,"minecraft:end_stone":447,"minecraft:shulker_box":8,"minecraft:nether_bricks":11,"minecraft:lever":37,"minecraft:crimson_roots":2,"minecraft:white_stained_glass":97,"minecraft:redstone_wire":42,"minecraft:redstone_ore":2,"minecraft:oak_trapdoor":114,"minecraft:furnace":4,"minecraft:carrots":233,"minecraft:andesite":10,"minecraft:bookshelf":31,"minecraft:potatoes":1,"minecraft:deepslate_iron_ore":63,"minecraft:vine":12,"minecraft:rail":207,"minecraft:stone":1367,"minecraft:bone_block":2,"minecraft:ender_chest":13,"minecraft:redstone_wall_torch":3,"minecraft:smithing_table":1,"minecraft:oak_slab":20,"minecraft:soul_sand":31,"minecraft:stone_brick_slab":336,"minecraft:crafting_table":17,"minecraft:short_grass":96,"minecraft:warped_roots":1,"minecraft:rose_bush":10,"minecraft:lectern":20,"minecraft:stone_slab":14,"minecraft:copper_ore":1,"minecraft:tall_grass":12,"minecraft:deepslate_gold_ore":19,"minecraft:diorite":9,"minecraft:black_stained_glass":1,"minecraft:redstone_torch":31,"minecraft:yellow_bed":1,"minecraft:coal_ore":46,"minecraft:end_rod":19,"minecraft:gravel":24,"minecraft:cobweb":8,"minecraft:stone_bricks":217,"minecraft:fern":2},"minecraft:used":{"minecraft:oak_sign":33,"minecraft:shield":59,"minecraft:poppy":3,"minecraft:chest":12,"minecraft:nether_wart":25,"minecraft:iron_sword":117,"minecraft:stone":529,"minecraft:zombie_spawn_egg":1,"minecraft:quartz_stairs":1,"minecraft:rotten_flesh":4,"minecraft:iron_chestplate":1,"minecraft:mutton":1,"minecraft:soul_sand":25,"minecraft:nether_bricks":15,"minecraft:carrot":602,"minecraft:obsidian":10,"minecraft:copper_ore":1,"minecraft:warped_nylium":1,"minecraft:crimson_roots":1,"minecraft:stone_bricks":517,"minecraft:bow":242,"minecraft:warped_fungus":1,"minecraft:furnace":5,"minecraft:egg":1,"minecraft:potato":5,"minecraft:damaged_anvil":1,"minecraft:diorite":1,"minecraft:zombie_horse_spawn_egg":1,"minecraft:diamond_boots":2,"minecraft:stone_pickaxe":148,"minecraft:powered_rail":13,"minecraft:oak_planks":149,"minecraft:ender_pearl":62,"minecraft:wooden_pickaxe":42,"minecraft:sugar_cane":47,"minecraft:diamond_axe":149,"minecraft:golden_apple":3,"minecraft:blast_furnace":1,"minecraft:dripstone_block":1,"minecraft:end_stone":475,"minecraft:shears":13,"minecraft:redstone_torch":35,"minecraft:lever":61,"minecraft:string":30,"minecraft:lectern":32,"minecraft:deepslate":131,"minecraft:gravel":6,"minecraft:diamond_sword":324,"minecraft:fire_charge":6,"minecraft:grindstone":1,"minecraft:white_stained_glass":224,"minecraft:smithing_table":1,"minecraft:oak_boat":15,"minecraft:oak_fence":1,"minecraft:oak_trapdoor":193,"minecraft:bone_meal":3,"minecraft:experience_bottle":64,"minecraft:purpur_block":1,"minecraft:netherite_sword":566,"minecraft:rose_bush":9,"minecraft:stone_sword":278,"minecraft:flint_and_steel":3,"minecraft:enchanting_table":3,"minecraft:redstone":168,"minecraft:ender_chest":12,"minecraft:netherrack":597,"minecraft:torch":31,"minecraft:brewing_stand":2,"minecraft:dirt":491,"minecraft:anvil":3,"minecraft:hopper":64,"minecraft:diamond_helmet":2,"minecraft:shulker_box":8,"minecraft:granite":1,"minecraft:stone_brick_slab":1825,"minecraft:bookshelf":43,"minecraft:iron_axe":170,"minecraft:oak_stairs":7,"minecraft:jungle_log":1,"minecraft:totem_of_undying":3,"minecraft:barrel":82,"minecraft:diamond_chestplate":3,"minecraft:tripwire_hook":8,"minecraft:glowstone":8,"minecraft:golden_carrot":129,"minecraft:black_stained_glass":1,"minecraft:soul_soil":1,"minecraft:white_stained_glass_pane":91,"minecraft:netherite_pickaxe":989,"minecraft:minecart":2,"minecraft:cobbled_deepslate":65,"minecraft:iron_leggings":2,"minecraft:water_bucket":183,"minecraft:fletching_table":13,"minecraft:stonecutter":4,"minecraft:glow_ink_sac":2,"minecraft:warped_roots":3,"minecraft:salmon":1,"minecraft:rail":205,"minecraft:crafting_table":19,"minecraft:oak_slab":9,"minecraft:white_bed":3,"minecraft:piston":45,"minecraft:ender_eye":24,"minecraft:diamond_pickaxe":10364,"minecraft:diamond_shovel":1881,"minecraft:oak_button":1,"minecraft:iron_pickaxe":116,"minecraft:netherite_axe":153,"minecraft:stone_axe":200,"minecraft:cobblestone":171,"minecraft:potion":4,"minecraft:white_banner":5,"minecraft:porkchop":5,"minecraft:bucket":183,"minecraft:yellow_bed":1,"minecraft:diamond_leggings":2,"minecraft:splash_potion":4},"minecraft:killed_by":{"minecraft:evoker":1,"minecraft:vindicator":5,"minecraft:player":4,"minecraft:enderman":2,"minecraft:iron_golem":2},"minecraft:picked_up":{"minecraft:shulker_shell":22,"minecraft:iron_chestplate":1,"minecraft:diamond_sword":12,"minecraft:ender_chest":13,"minecraft:smithing_table":1,"minecraft:stone_slab":14,"minecraft:oak_stairs":7,"minecraft:potion":3,"minecraft:enchanted_book":3,"minecraft:nether_brick":3,"minecraft:brewing_stand":2,"minecraft:string":11418,"minecraft:soul_soil":5,"minecraft:raw_copper":145,"minecraft:iron_leggings":2,"minecraft:oak_sign":25,"minecraft:diamond_leggings":17,"minecraft:gold_nugget":718,"minecraft:cobbled_deepslate":559,"minecraft:rose_bush":9,"minecraft:redstone_torch":97,"minecraft:ender_eye":10,"minecraft:netherite_upgrade_smithing_template":1,"minecraft:iron_pickaxe":2,"minecraft:furnace":16,"minecraft:stick":18,"minecraft:oak_fence":5,"minecraft:torch":35,"minecraft:porkchop":21,"minecraft:cherry_log":1,"minecraft:diorite":9,"minecraft:music_disc_pigstep":2,"minecraft:golden_chestplate":1,"minecraft:stone_sword":1,"minecraft:rotten_flesh":61,"minecraft:bookshelf":60,"minecraft:end_rod":18,"minecraft:blaze_rod":71,"minecraft:obsidian":26,"minecraft:cobblestone":361,"minecraft:enchanting_table":2,"minecraft:magma_block":6,"minecraft:feather":3,"minecraft:magma_cream":10,"minecraft:water_bucket":19,"minecraft:andesite":13,"minecraft:jungle_log":127,"minecraft:potato":204,"minecraft:flint":7,"minecraft:lapis_lazuli":143,"minecraft:dirt":1972,"minecraft:bone":73,"minecraft:bow":35,"minecraft:stonecutter":3,"minecraft:wheat_seeds":29,"minecraft:raw_gold":34,"minecraft:grindstone":1,"minecraft:fletching_table":6,"minecraft:diamond_helmet":13,"minecraft:glowstone_dust":7,"minecraft:powered_rail":99,"minecraft:oak_planks":305,"minecraft:ghast_tear":2,"minecraft:cooked_porkchop":15,"minecraft:spectral_arrow":66,"minecraft:barrel":90,"minecraft:shulker_box":8,"minecraft:mossy_cobblestone":1,"minecraft:sugar":7,"minecraft:diamond":66,"minecraft:deepslate":133,"minecraft:lever":60,"minecraft:crossbow":4,"minecraft:granite":15,"minecraft:emerald":783,"minecraft:netherrack":1404,"minecraft:crimson_roots":1,"minecraft:diamond_pickaxe":23,"minecraft:crafting_table":23,"minecraft:nether_wart":32,"minecraft:brown_mushroom":8,"minecraft:wooden_pickaxe":1,"minecraft:diamond_horse_armor":1,"minecraft:dragon_head":2,"minecraft:purpur_block":1,"minecraft:shield":8,"minecraft:cornflower":4,"minecraft:oak_trapdoor":126,"minecraft:elytra":2,"minecraft:iron_axe":20,"minecraft:flint_and_steel":9,"minecraft:white_stained_glass":85,"minecraft:blackstone":128,"minecraft:oak_boat":26,"minecraft:jungle_sapling":1,"minecraft:poppy":9,"minecraft:minecart":43,"minecraft:lectern":26,"minecraft:quartz_stairs":1,"minecraft:sugar_cane":64,"minecraft:chest":10,"minecraft:piston":40,"minecraft:phantom_membrane":9,"minecraft:egg":1,"minecraft:copper_ore":8,"minecraft:black_stained_glass":1,"minecraft:raw_iron":184,"minecraft:end_stone":443,"minecraft:stone":4082,"minecraft:fire_charge":7,"minecraft:carrot":2586,"minecraft:redstone":657,"minecraft:arrow":61,"minecraft:stone_shovel":1,"minecraft:diamond_chestplate":13,"minecraft:nether_bricks":15,"minecraft:diamond_boots":9,"minecraft:saddle":5,"minecraft:gold_ingot":273,"minecraft:totem_of_undying":10,"minecraft:mutton":11,"minecraft:rail":327,"minecraft:white_wool":11,"minecraft:oxeye_daisy":1,"minecraft:golden_carrot":128,"minecraft:tripwire_hook":4,"minecraft:salmon":24,"minecraft:leather":61,"minecraft:birch_planks":65,"minecraft:crimson_fungus":1,"minecraft:oak_log":32,"minecraft:ancient_debris":56,"minecraft:golden_boots":2,"minecraft:yellow_bed":1,"minecraft:gunpowder":65,"minecraft:paper":34,"minecraft:white_banner":5,"minecraft:stone_bricks":418,"minecraft:iron_ingot":56,"minecraft:stone_pickaxe":2,"minecraft:glass_bottle":12,"minecraft:iron_sword":1,"minecraft:soul_sand":118,"minecraft:book":91,"minecraft:oak_slab":35,"minecraft:white_stained_glass_pane":14,"minecraft:warped_fungus":1,"minecraft:stone_brick_slab":1583,"minecraft:quartz":355,"minecraft:dandelion":8,"minecraft:dripstone_block":1,"minecraft:gravel":63,"minecraft:blast_furnace":1,"minecraft:white_bed":3,"minecraft:crying_obsidian":5,"minecraft:spider_eye":24,"minecraft:diamond_shovel":10,"minecraft:coal_ore":10,"minecraft:stone_axe":5,"minecraft:diamond_axe":7,"minecraft:warped_roots":3,"minecraft:oak_button":1,"minecraft:damaged_anvil":2,"minecraft:warped_nylium":1,"minecraft:coal":126,"minecraft:hopper":35,"minecraft:ender_pearl":66}},"DataVersion":3955}