{"stats":{"minecraft:killed_by":{"minecraft:skeleton":3},"minecraft:crafted":{"minecraft:oak_planks":724,"minecraft:cooked_chicken":1,"minecraft:furnace":1,"minecraft:diamond_helmet":1,"minecraft:bow":1,"minecraft:diamond_leggings":2,"minecraft:iron_boots":1,"minecraft:stone_pickaxe":1,"minecraft:chest":1,"minecraft:birch_door":6,"minecraft:golden_boots":1,"minecraft:cooked_beef":2,"minecraft:sugar":1,"minecraft:diamond_sword":1,"minecraft:emerald":585,"minecraft:cooked_porkchop":33,"minecraft:crafting_table":2,"minecraft:wooden_pickaxe":1,"minecraft:iron_sword":1,"minecraft:bucket":1,"minecraft:birch_planks":224,"minecraft:stone_axe":1,"minecraft:enchanted_book":12,"minecraft:air":0,"minecraft:emerald_block":26,"minecraft:iron_chestplate":1,"minecraft:golden_apple":2,"minecraft:diamond_pickaxe":1,"minecraft:shield":2,"minecraft:stick":1496,"minecraft:fermented_spider_eye":1,"minecraft:iron_ingot":87,"minecraft:iron_pickaxe":1,"minecraft:iron_block":3,"minecraft:gold_ingot":62,"minecraft:iron_leggings":1,"minecraft:anvil":1,"minecraft:shears":1,"minecraft:diamond_chestplate":2},"minecraft:picked_up":{"minecraft:birch_door":9,"minecraft:crafting_table":11,"minecraft:iron_chestplate":1,"minecraft:chicken":1,"minecraft:brown_mushroom":7,"minecraft:nether_brick":8,"minecraft:shield":1,"minecraft:string":57,"minecraft:iron_leggings":1,"minecraft:blackstone":25,"minecraft:gold_nugget":337,"minecraft:cobbled_deepslate":27,"minecraft:beef":8,"minecraft:iron_nugget":30,"minecraft:iron_pickaxe":2,"minecraft:sugar_cane":90,"minecraft:birch_sapling":5,"minecraft:iron_boots":1,"minecraft:furnace":4,"minecraft:egg":7,"minecraft:raw_iron":118,"minecraft:stick":22,"minecraft:fire_charge":1,"minecraft:porkchop":33,"minecraft:pointed_dripstone":14,"minecraft:diorite":1,"minecraft:carrot":39,"minecraft:redstone":5,"minecraft:arrow":23,"minecraft:rotten_flesh":56,"minecraft:beetroot_seeds":4,"minecraft:gold_ingot":19,"minecraft:glow_berries":13,"minecraft:obsidian":1,"minecraft:cobblestone":139,"minecraft:birch_log":56,"minecraft:feather":2,"minecraft:tripwire_hook":1,"minecraft:glow_ink_sac":1,"minecraft:water_bucket":1,"minecraft:andesite":2,"minecraft:leather":18,"minecraft:birch_planks":119,"minecraft:oak_log":182,"minecraft:yellow_bed":2,"minecraft:gunpowder":4,"minecraft:lapis_lazuli":31,"minecraft:dirt":80,"minecraft:name_tag":2,"minecraft:bone":20,"minecraft:apple":4,"minecraft:bow":3,"minecraft:wheat_seeds":1,"minecraft:raw_gold":46,"minecraft:iron_ingot":26,"minecraft:stone_pickaxe":2,"minecraft:oak_planks":4,"minecraft:iron_sword":2,"minecraft:soul_sand":14,"minecraft:cooked_porkchop":10,"minecraft:stone_brick_slab":1,"minecraft:quartz":5,"minecraft:gravel":10,"minecraft:dripstone_block":10,"minecraft:crying_obsidian":1,"minecraft:spectral_arrow":30,"minecraft:spider_eye":10,"minecraft:diamond":30,"minecraft:stone_axe":1,"minecraft:lever":1,"minecraft:granite":2,"minecraft:diamond_axe":1,"minecraft:golden_apple":2,"minecraft:bread":2,"minecraft:emerald":46,"minecraft:oak_sapling":32,"minecraft:netherrack":76,"minecraft:coal":67,"minecraft:crimson_roots":2,"minecraft:ender_pearl":3},"minecraft:mined":{"minecraft:nether_gold_ore":42,"minecraft:diamond_ore":1,"minecraft:deepslate_diamond_ore":29,"minecraft:glow_lichen":1,"minecraft:granite":2,"minecraft:grass_block":8,"minecraft:crimson_roots":2,"minecraft:white_stained_glass":4,"minecraft:spawner":1,"minecraft:furnace":4,"minecraft:iron_ore":69,"minecraft:fire":5,"minecraft:andesite":2,"minecraft:deepslate_lapis_ore":1,"minecraft:pointed_dripstone":6,"minecraft:deepslate_iron_ore":21,"minecraft:stone":76,"minecraft:tripwire":7,"minecraft:deepslate_redstone_ore":1,"minecraft:brown_mushroom":8,"minecraft:crimson_nylium":3,"minecraft:soul_fire":3,"minecraft:stone_brick_slab":1,"minecraft:crafting_table":9,"minecraft:short_grass":9,"minecraft:cobblestone":23,"minecraft:lapis_ore":4,"minecraft:deepslate_gold_ore":21,"minecraft:sugar_cane":3,"minecraft:oak_planks":4,"minecraft:diorite":1,"minecraft:birch_planks":17,"minecraft:birch_log":56,"minecraft:birch_leaves":3,"minecraft:birch_door":6,"minecraft:yellow_bed":2,"minecraft:coal_ore":21,"minecraft:oak_log":192,"minecraft:dripstone_block":5,"minecraft:dirt":10,"minecraft:cobweb":13,"minecraft:tripwire_hook":1,"minecraft:netherrack":79,"minecraft:gold_ore":5,"minecraft:fern":1,"minecraft:oak_leaves":82,"minecraft:deepslate":35},"minecraft:custom":{"minecraft:interact_with_anvil":7,"minecraft:mob_kills":91,"minecraft:inspect_hopper":17,"minecraft:interact_with_crafting_table":56,"minecraft:open_barrel":259,"minecraft:open_shulker_box":1,"minecraft:leave_game":2,"minecraft:time_since_death":98080,"minecraft:climb_one_cm":552,"minecraft:sprint_one_cm":903374,"minecraft:walk_one_cm":275951,"minecraft:damage_blocked_by_shield":4633,"minecraft:drop":26,"minecraft:talked_to_villager":144,"minecraft:play_time":239421,"minecraft:deaths":3,"minecraft:sneak_time":14121,"minecraft:walk_under_water_one_cm":27978,"minecraft:jump":4057,"minecraft:interact_with_brewingstand":8,"minecraft:walk_on_water_one_cm":38504,"minecraft:enchant_item":1,"minecraft:total_world_time":239421,"minecraft:interact_with_furnace":55,"minecraft:traded_with_villager":601,"minecraft:interact_with_grindstone":1,"minecraft:interact_with_stonecutter":2,"minecraft:sleep_in_bed":3,"minecraft:time_since_rest":15918,"minecraft:open_enderchest":33,"minecraft:damage_taken":5270,"minecraft:damage_dealt":14237,"minecraft:swim_one_cm":90571,"minecraft:fly_one_cm":797697,"minecraft:open_chest":155,"minecraft:crouch_one_cm":30679,"minecraft:fall_one_cm":91457},"minecraft:broken":{"minecraft:shield":1,"minecraft:stone_axe":1},"minecraft:dropped":{"minecraft:iron_sword":2,"minecraft:soul_sand":14,"minecraft:apple":1,"minecraft:stick":2,"minecraft:crimson_roots":1,"minecraft:fire_charge":1,"minecraft:gold_nugget":4,"minecraft:iron_pickaxe":1,"minecraft:gold_ingot":40,"minecraft:blackstone":25,"minecraft:sugar_cane":3,"minecraft:nether_brick":8,"minecraft:birch_sapling":1,"minecraft:rotten_flesh":28,"minecraft:andesite":2,"minecraft:spider_eye":2,"minecraft:wooden_pickaxe":1,"minecraft:stone_pickaxe":1},"minecraft:used":{"minecraft:chest":1,"minecraft:shield":87,"minecraft:iron_sword":241,"minecraft:cooked_chicken":1,"minecraft:rotten_flesh":18,"minecraft:netherrack":13,"minecraft:iron_chestplate":1,"minecraft:dirt":279,"minecraft:anvil":1,"minecraft:carrot":52,"minecraft:granite":2,"minecraft:birch_door":6,"minecraft:stone_brick_slab":65,"minecraft:iron_boots":1,"minecraft:tripwire_hook":1,"minecraft:bow":8,"minecraft:furnace":5,"minecraft:cooked_beef":2,"minecraft:cobbled_deepslate":27,"minecraft:iron_leggings":1,"minecraft:golden_boots":1,"minecraft:water_bucket":77,"minecraft:diorite":1,"minecraft:glass_bottle":3,"minecraft:birch_planks":84,"minecraft:stone_pickaxe":88,"minecraft:oak_planks":3,"minecraft:wooden_pickaxe":30,"minecraft:diamond_axe":255,"minecraft:sugar_cane":28,"minecraft:crafting_table":10,"minecraft:shears":2,"minecraft:oak_log":17,"minecraft:lever":1,"minecraft:diamond_pickaxe":127,"minecraft:bread":2,"minecraft:string":23,"minecraft:iron_pickaxe":231,"minecraft:stone_axe":89,"minecraft:diamond_sword":22,"minecraft:cobblestone":63,"minecraft:cooked_porkchop":33,"minecraft:bucket":77,"minecraft:yellow_bed":2,"minecraft:splash_potion":1},"minecraft:killed":{"minecraft:cave_spider":5,"minecraft:spider":9,"minecraft:skeleton":16,"minecraft:chicken":1,"minecraft:pig":18,"minecraft:zombie_villager":1,"minecraft:salmon":2,"minecraft:creeper":2,"minecraft:zombie":29,"minecraft:enderman":1,"minecraft:cow":4}},"DataVersion":3955}