{"stats":{"minecraft:mined":{"minecraft:tuff":1,"minecraft:white_bed":7,"minecraft:deepslate_diamond_ore":3,"minecraft:jungle_leaves":65,"minecraft:granite":1,"minecraft:grass_block":6,"minecraft:jungle_log":267,"minecraft:sandstone":27,"minecraft:hay_block":128,"minecraft:jungle_sapling":1,"minecraft:iron_ore":3,"minecraft:deepslate_lapis_ore":2,"minecraft:azure_bluet":5,"minecraft:deepslate_iron_ore":9,"minecraft:vine":14,"minecraft:bamboo":2,"minecraft:stone":10,"minecraft:bone_block":16,"minecraft:crafting_table":5,"minecraft:cornflower":1,"minecraft:short_grass":15,"minecraft:melon":5,"minecraft:tall_grass":2,"minecraft:lapis_ore":4,"minecraft:sugar_cane":3,"minecraft:birch_log":4,"minecraft:wheat":1,"minecraft:birch_leaves":2,"minecraft:oak_log":6,"minecraft:coal_ore":16,"minecraft:sand":5,"minecraft:dirt":20,"minecraft:gold_ore":2,"minecraft:oak_leaves":8,"minecraft:deepslate":7,"minecraft:fern":1},"minecraft:used":{"minecraft:iron_chestplate":5,"minecraft:dirt":14,"minecraft:mutton":11,"minecraft:jungle_planks":5,"minecraft:carrot":41,"minecraft:diamond_helmet":2,"minecraft:azure_bluet":4,"minecraft:jungle_sapling":23,"minecraft:wooden_axe":17,"minecraft:grass_block":1,"minecraft:iron_axe":345,"minecraft:oak_stairs":4,"minecraft:jungle_log":4,"minecraft:iron_boots":2,"minecraft:diamond_chestplate":1,"minecraft:beef":3,"minecraft:hay_block":56,"minecraft:cooked_beef":7,"minecraft:cobbled_deepslate":9,"minecraft:iron_leggings":4,"minecraft:diamond_boots":1,"minecraft:cactus":1,"minecraft:birch_boat":1,"minecraft:sandstone":41,"minecraft:cut_sandstone":2,"minecraft:sugar_cane":9,"minecraft:salmon":2,"minecraft:sand":13,"minecraft:crafting_table":5,"minecraft:white_bed":7,"minecraft:dripstone_block":4,"minecraft:diamond_pickaxe":16,"minecraft:black_wool":1,"minecraft:string":7,"minecraft:chicken":2,"minecraft:melon_slice":23,"minecraft:bread":49,"minecraft:iron_pickaxe":122,"minecraft:golden_helmet":1,"minecraft:diamond_sword":23,"minecraft:wooden_sword":59,"minecraft:cobblestone":42,"minecraft:bone_meal":35,"minecraft:diamond_leggings":1},"minecraft:dropped":{"minecraft:golden_boots":2,"minecraft:bread":1,"minecraft:wheat_seeds":1,"minecraft:emerald":1,"minecraft:dirt":2,"minecraft:iron_leggings":1,"minecraft:jungle_sapling":3,"minecraft:iron_axe":1,"minecraft:stone_shovel":1,"minecraft:rotten_flesh":5,"minecraft:diamond_boots":1},"minecraft:killed_by":{"minecraft:player":2,"minecraft:enderman":1,"minecraft:iron_golem":3,"minecraft:skeleton":2},"minecraft:crafted":{"minecraft:wooden_sword":1,"minecraft:birch_boat":1,"minecraft:bone_meal":144,"minecraft:iron_boots":1,"minecraft:diamond_helmet":1,"minecraft:diamond_leggings":1,"minecraft:diamond_boots":1,"minecraft:wheat":135,"minecraft:cooked_beef":9,"minecraft:emerald":200,"minecraft:crafting_table":2,"minecraft:birch_planks":16,"minecraft:bread":48,"minecraft:air":0,"minecraft:jungle_planks":1056,"minecraft:stick":2204,"minecraft:iron_ingot":5,"minecraft:iron_pickaxe":1,"minecraft:wooden_axe":1,"minecraft:iron_leggings":1,"minecraft:white_bed":2,"minecraft:diamond_chestplate":2},"minecraft:killed":{"minecraft:spider":2,"minecraft:skeleton":3,"minecraft:chicken":2,"minecraft:husk":1,"minecraft:salmon":2,"minecraft:iron_golem":4,"minecraft:sheep":7,"minecraft:zombie":6,"minecraft:cow":13},"minecraft:custom":{"minecraft:interact_with_smithing_table":1,"minecraft:mob_kills":40,"minecraft:interact_with_anvil":3,"minecraft:inspect_hopper":1,"minecraft:interact_with_crafting_table":20,"minecraft:open_barrel":7,"minecraft:bell_ring":3,"minecraft:leave_game":5,"minecraft:time_since_death":28938,"minecraft:climb_one_cm":10209,"minecraft:sprint_one_cm":609669,"minecraft:walk_one_cm":309938,"minecraft:drop":14,"minecraft:talked_to_villager":66,"minecraft:play_time":226503,"minecraft:deaths":9,"minecraft:sneak_time":11178,"minecraft:walk_under_water_one_cm":8362,"minecraft:boat_one_cm":168802,"minecraft:jump":7633,"minecraft:interact_with_brewingstand":2,"minecraft:walk_on_water_one_cm":30170,"minecraft:total_world_time":226503,"minecraft:interact_with_furnace":22,"minecraft:traded_with_villager":205,"minecraft:interact_with_grindstone":1,"minecraft:interact_with_stonecutter":1,"minecraft:sleep_in_bed":25,"minecraft:time_since_rest":29020,"minecraft:damage_taken":5482,"minecraft:damage_dealt":7611,"minecraft:swim_one_cm":46543,"minecraft:player_kills":1,"minecraft:fly_one_cm":1586810,"minecraft:open_chest":77,"minecraft:crouch_one_cm":23845,"minecraft:fall_one_cm":242357,"minecraft:horse_one_cm":128},"minecraft:broken":{"minecraft:iron_axe":2,"minecraft:wooden_sword":1},"minecraft:picked_up":{"minecraft:iron_chestplate":5,"minecraft:crafting_table":13,"minecraft:wheat":21,"minecraft:azure_bluet":7,"minecraft:chicken":2,"minecraft:leather_leggings":3,"minecraft:diamond_sword":3,"minecraft:oak_stairs":53,"minecraft:shield":1,"minecraft:cornflower":1,"minecraft:string":10,"minecraft:iron_axe":4,"minecraft:wooden_sword":1,"minecraft:iron_leggings":4,"minecraft:diamond_leggings":2,"minecraft:cobbled_deepslate":21,"minecraft:beef":40,"minecraft:jungle_sapling":26,"minecraft:poppy":6,"minecraft:iron_pickaxe":2,"minecraft:melon_slice":30,"minecraft:sugar_cane":9,"minecraft:iron_boots":2,"minecraft:golden_helmet":2,"minecraft:stick":31,"minecraft:raw_iron":24,"minecraft:sandstone":290,"minecraft:torch":7,"minecraft:carrot":1,"minecraft:stone_shovel":1,"minecraft:diamond_chestplate":3,"minecraft:rotten_flesh":5,"minecraft:cactus":6,"minecraft:arrow":4,"minecraft:diamond_boots":4,"minecraft:hay_block":155,"minecraft:saddle":1,"minecraft:white_terracotta":3,"minecraft:mutton":11,"minecraft:bone_block":16,"minecraft:cobblestone":106,"minecraft:white_wool":12,"minecraft:birch_log":4,"minecraft:jungle_log":268,"minecraft:glow_ink_sac":9,"minecraft:salmon":2,"minecraft:leather":19,"minecraft:cut_sandstone":4,"minecraft:tuff":2,"minecraft:oak_log":6,"minecraft:golden_boots":5,"minecraft:lapis_lazuli":48,"minecraft:dirt":185,"minecraft:white_banner":3,"minecraft:bone":4,"minecraft:apple":39,"minecraft:bow":1,"minecraft:wheat_seeds":5,"minecraft:raw_gold":2,"minecraft:iron_ingot":24,"minecraft:diamond_helmet":4,"minecraft:glass_bottle":21,"minecraft:bamboo":22,"minecraft:oak_planks":128,"minecraft:book":4,"minecraft:dripstone_block":10,"minecraft:jungle_planks":2,"minecraft:sand":13,"minecraft:white_bed":7,"minecraft:grass_block":1,"minecraft:diamond":6,"minecraft:granite":2,"minecraft:emerald":25,"minecraft:bread":169,"minecraft:black_wool":1,"minecraft:coal":16,"minecraft:ender_pearl":3,"minecraft:diamond_pickaxe":2}},"DataVersion":3955}