{"stats":{"minecraft:used":{"minecraft:poppy":1,"minecraft:oak_sign":7,"minecraft:chest":2,"minecraft:white_terracotta":18,"minecraft:shield":100,"minecraft:iron_chestplate":2,"minecraft:carrot":38,"minecraft:birch_sapling":2,"minecraft:iron_helmet":1,"minecraft:crimson_roots":1,"minecraft:bow":13,"minecraft:furnace":2,"minecraft:oak_sapling":4,"minecraft:cooked_cod":1,"minecraft:egg":1,"minecraft:potato":52,"minecraft:diorite":9,"minecraft:stone_pickaxe":155,"minecraft:oak_planks":20,"minecraft:blackstone":4,"minecraft:leather_chestplate":1,"minecraft:golden_apple":3,"minecraft:sand":7,"minecraft:crossbow":4,"minecraft:dripstone_block":4,"minecraft:bread":24,"minecraft:string":3,"minecraft:diamond_sword":133,"minecraft:andesite":34,"minecraft:birch_log":1,"minecraft:chest_minecart":1,"minecraft:bone_meal":28,"minecraft:flint_and_steel":5,"minecraft:stone_shovel":81,"minecraft:netherrack":263,"minecraft:oak_door":2,"minecraft:torch":19,"minecraft:dirt":468,"minecraft:spyglass":56,"minecraft:diamond_helmet":3,"minecraft:granite":2,"minecraft:stone_brick_slab":452,"minecraft:bookshelf":5,"minecraft:iron_axe":235,"minecraft:oak_stairs":18,"minecraft:iron_boots":1,"minecraft:beef":4,"minecraft:soul_soil":3,"minecraft:cobbled_deepslate":47,"minecraft:iron_leggings":3,"minecraft:water_bucket":101,"minecraft:cobblestone_stairs":4,"minecraft:birch_planks":4,"minecraft:baked_potato":64,"minecraft:rail":14,"minecraft:terracotta":1,"minecraft:tnt":1,"minecraft:crafting_table":7,"minecraft:white_bed":7,"minecraft:diamond_pickaxe":6263,"minecraft:apple":26,"minecraft:diamond_shovel":6448,"minecraft:iron_pickaxe":314,"minecraft:detector_rail":4,"minecraft:stone_axe":138,"minecraft:cobblestone":220,"minecraft:white_banner":3,"minecraft:porkchop":1,"minecraft:bucket":102,"minecraft:yellow_bed":6,"minecraft:diamond_leggings":4,"minecraft:chainmail_leggings":1},"minecraft:mined":{"minecraft:white_bed":5,"minecraft:oak_sapling":3,"minecraft:cobblestone_stairs":8,"minecraft:jungle_leaves":15,"minecraft:granite":2,"minecraft:grass_block":3044,"minecraft:soul_soil":4,"minecraft:oxeye_daisy":1,"minecraft:spawner":2,"minecraft:smooth_stone":5,"minecraft:weeping_vines_plant":1,"minecraft:magma_block":5,"minecraft:iron_ore":18,"minecraft:fire":6,"minecraft:deepslate_lapis_ore":2,"minecraft:azure_bluet":1,"minecraft:pointed_dripstone":4,"minecraft:dirt_path":179,"minecraft:oak_stairs":170,"minecraft:blackstone":6,"minecraft:soul_fire":26,"minecraft:amethyst_cluster":2,"minecraft:clay":5,"minecraft:torch":3,"minecraft:calcite":1,"minecraft:poppy":2,"minecraft:chest":1,"minecraft:nether_quartz_ore":44,"minecraft:cobblestone":206,"minecraft:oak_planks":86,"minecraft:bricks":1,"minecraft:wall_torch":2,"minecraft:amethyst_block":2,"minecraft:birch_sapling":1,"minecraft:white_terracotta":35,"minecraft:birch_log":6,"minecraft:oak_log":44,"minecraft:sand":34,"minecraft:dirt":3413,"minecraft:netherrack":2352,"minecraft:oak_leaves":7,"minecraft:deepslate":88,"minecraft:nether_gold_ore":13,"minecraft:tuff":17,"minecraft:mossy_cobblestone":13,"minecraft:deepslate_diamond_ore":10,"minecraft:oak_door":3,"minecraft:oak_trapdoor":2,"minecraft:furnace":1,"minecraft:carrots":15,"minecraft:andesite":34,"minecraft:deepslate_iron_ore":30,"minecraft:vine":1,"minecraft:rail":8,"minecraft:stone":3728,"minecraft:glass_pane":14,"minecraft:soul_sand":16,"minecraft:stone_brick_slab":2,"minecraft:dandelion":9,"minecraft:oak_fence":11,"minecraft:crafting_table":4,"minecraft:cornflower":4,"minecraft:short_grass":176,"minecraft:rose_bush":1,"minecraft:tall_grass":18,"minecraft:copper_ore":37,"minecraft:deepslate_coal_ore":3,"minecraft:deepslate_gold_ore":22,"minecraft:diorite":11,"minecraft:birch_leaves":1,"minecraft:yellow_bed":6,"minecraft:coal_ore":7,"minecraft:gravel":2,"minecraft:dripstone_block":6,"minecraft:terracotta":1},"minecraft:dropped":{"minecraft:baked_potato":2,"minecraft:crafting_table":1,"minecraft:dirt":1281,"minecraft:cornflower":4,"minecraft:mutton":7,"minecraft:jungle_sapling":1,"minecraft:gold_nugget":6,"minecraft:amethyst_shard":1,"minecraft:bone_meal":1,"minecraft:iron_pickaxe":1,"minecraft:birch_log":3,"minecraft:white_wool":10,"minecraft:oak_door":2,"minecraft:stone_axe":1,"minecraft:spyglass":1,"minecraft:cobbled_deepslate":2,"minecraft:rotten_flesh":16,"minecraft:oak_planks":45,"minecraft:glowstone_dust":2,"minecraft:azure_bluet":1,"minecraft:white_bed":1,"minecraft:carrot":64,"minecraft:salmon":23,"minecraft:poppy":4,"minecraft:beetroot_seeds":4,"minecraft:melon_seeds":4,"minecraft:arrow":1,"minecraft:golden_boots":1,"minecraft:iron_ingot":4,"minecraft:bread":58,"minecraft:wheat_seeds":42,"minecraft:golden_helmet":1,"minecraft:mossy_cobblestone":6,"minecraft:diamond_leggings":1,"minecraft:oak_fence":3,"minecraft:feather":3,"minecraft:iron_helmet":2,"minecraft:cobblestone":1150,"minecraft:apple":15,"minecraft:copper_ingot":5,"minecraft:stick":5,"minecraft:oxeye_daisy":3,"minecraft:rose_bush":1,"minecraft:diamond_helmet":1,"minecraft:iron_leggings":2,"minecraft:oak_stairs":3,"minecraft:iron_axe":1,"minecraft:smooth_stone":3,"minecraft:chainmail_leggings":1,"minecraft:string":1088,"minecraft:dandelion":4,"minecraft:raw_copper":36,"minecraft:tuff":5,"minecraft:raw_iron":13,"minecraft:clay_ball":8,"minecraft:iron_boots":2,"minecraft:iron_hoe":4,"minecraft:white_terracotta":27,"minecraft:potato":2,"minecraft:diamond_chestplate":3,"minecraft:iron_chestplate":5,"minecraft:diamond_pickaxe":1,"minecraft:bow":2,"minecraft:stone_pickaxe":1},"minecraft:picked_up":{"minecraft:iron_chestplate":3,"minecraft:diamond_sword":4,"minecraft:oak_stairs":387,"minecraft:enchanted_book":5,"minecraft:string":994,"minecraft:soul_soil":4,"minecraft:raw_copper":242,"minecraft:iron_leggings":2,"minecraft:oak_sign":1,"minecraft:diamond_leggings":12,"minecraft:cobbled_deepslate":49,"minecraft:gold_nugget":52,"minecraft:smooth_stone":3,"minecraft:rose_bush":1,"minecraft:iron_pickaxe":6,"minecraft:furnace":1,"minecraft:tipped_arrow":5,"minecraft:golden_helmet":1,"minecraft:stick":104,"minecraft:oak_fence":3,"minecraft:torch":46,"minecraft:porkchop":1,"minecraft:diorite":11,"minecraft:rotten_flesh":18,"minecraft:bookshelf":5,"minecraft:white_terracotta":45,"minecraft:cobblestone":1759,"minecraft:birch_log":6,"minecraft:magma_block":5,"minecraft:feather":6,"minecraft:water_bucket":6,"minecraft:andesite":34,"minecraft:potato":84,"minecraft:flint":4,"minecraft:tuff":7,"minecraft:lapis_lazuli":18,"minecraft:dirt":2270,"minecraft:bone":69,"minecraft:bow":3,"minecraft:wheat_seeds":67,"minecraft:raw_gold":132,"minecraft:glowstone_dust":6,"minecraft:diamond_helmet":13,"minecraft:oak_planks":355,"minecraft:jungle_planks":33,"minecraft:sand":45,"minecraft:mossy_cobblestone":9,"minecraft:iron_hoe":3,"minecraft:diamond":50,"minecraft:crossbow":6,"minecraft:granite":2,"minecraft:bone_meal":5,"minecraft:golden_apple":4,"minecraft:bread":143,"minecraft:emerald":337,"minecraft:oak_sapling":5,"minecraft:netherrack":1707,"minecraft:crimson_roots":1,"minecraft:diamond_pickaxe":14,"minecraft:crafting_table":4,"minecraft:azure_bluet":1,"minecraft:clay_ball":8,"minecraft:chest_minecart":1,"minecraft:diamond_horse_armor":5,"minecraft:shield":12,"minecraft:cornflower":4,"minecraft:iron_axe":5,"minecraft:flint_and_steel":1,"minecraft:blackstone":4,"minecraft:jungle_sapling":1,"minecraft:poppy":6,"minecraft:chest":1,"minecraft:birch_sapling":4,"minecraft:egg":1,"minecraft:raw_iron":57,"minecraft:oak_door":4,"minecraft:copper_ingot":1,"minecraft:carrot":74,"minecraft:cooked_cod":1,"minecraft:diamond_chestplate":9,"minecraft:stone_shovel":1,"minecraft:arrow":50,"minecraft:shears":8,"minecraft:diamond_boots":6,"minecraft:hay_block":25,"minecraft:saddle":11,"minecraft:mutton":7,"minecraft:white_wool":30,"minecraft:rail":131,"minecraft:oxeye_daisy":8,"minecraft:salmon":137,"minecraft:oak_log":23,"minecraft:golden_boots":1,"minecraft:yellow_bed":10,"minecraft:gunpowder":24,"minecraft:cobblestone_stairs":4,"minecraft:white_banner":15,"minecraft:apple":12,"minecraft:iron_ingot":24,"minecraft:glass_bottle":7,"minecraft:soul_sand":17,"minecraft:stone_brick_slab":132,"minecraft:quartz":56,"minecraft:dandelion":4,"minecraft:spyglass":10,"minecraft:dripstone_block":4,"minecraft:gravel":4,"minecraft:amethyst_shard":76,"minecraft:white_bed":9,"minecraft:spider_eye":1,"minecraft:diamond_shovel":9,"minecraft:stone_axe":1,"minecraft:iron_helmet":1,"minecraft:diamond_axe":1,"minecraft:terracotta":1,"minecraft:baked_potato":66,"minecraft:melon_seeds":4,"minecraft:coal":16,"minecraft:ender_pearl":1},"minecraft:custom":{"minecraft:interact_with_crafting_table":31,"minecraft:open_barrel":7,"minecraft:bell_ring":6,"minecraft:leave_game":16,"minecraft:time_since_death":3293,"minecraft:sprint_one_cm":1108330,"minecraft:damage_blocked_by_shield":6407,"minecraft:drop":243,"minecraft:talked_to_villager":129,"minecraft:play_time":651110,"minecraft:deaths":23,"minecraft:jump":8663,"minecraft:walk_on_water_one_cm":128837,"minecraft:interact_with_furnace":40,"minecraft:traded_with_villager":528,"minecraft:sleep_in_bed":37,"minecraft:open_enderchest":1,"minecraft:damage_dealt":11968,"minecraft:crouch_one_cm":335466,"minecraft:interact_with_smoker":5,"minecraft:mob_kills":101,"minecraft:climb_one_cm":3474,"minecraft:walk_one_cm":1734526,"minecraft:raid_win":1,"minecraft:sneak_time":85089,"minecraft:walk_under_water_one_cm":69865,"minecraft:total_world_time":651110,"minecraft:interact_with_stonecutter":2,"minecraft:time_since_rest":3319,"minecraft:damage_taken":11249,"minecraft:damage_absorbed":40,"minecraft:swim_one_cm":43596,"minecraft:fly_one_cm":1503370,"minecraft:open_chest":180,"minecraft:fall_one_cm":161216},"minecraft:crafted":{"minecraft:oak_planks":64,"minecraft:oak_sign":6,"minecraft:diamond_shovel":5,"minecraft:stone_brick_slab":768,"minecraft:diamond_helmet":1,"minecraft:diamond_leggings":2,"minecraft:bow":1,"minecraft:iron_boots":1,"minecraft:tipped_arrow":5,"minecraft:chest":2,"minecraft:emerald":508,"minecraft:crafting_table":5,"minecraft:baked_potato":64,"minecraft:iron_helmet":1,"minecraft:copper_ingot":8,"minecraft:birch_planks":8,"minecraft:tnt":1,"minecraft:iron_chestplate":1,"minecraft:diamond_pickaxe":5,"minecraft:shield":2,"minecraft:stick":24,"minecraft:iron_ingot":12,"minecraft:iron_pickaxe":1,"minecraft:spyglass":2,"minecraft:furnace":2,"minecraft:bone_meal":33,"minecraft:flint_and_steel":1,"minecraft:iron_axe":1,"minecraft:stone_pickaxe":2,"minecraft:diamond_boots":1,"minecraft:wheat":225,"minecraft:diamond_sword":2,"minecraft:stone_axe":1,"minecraft:air":0,"minecraft:bread":75,"minecraft:white_wool":16,"minecraft:iron_leggings":1,"minecraft:white_bed":2,"minecraft:diamond_chestplate":3},"minecraft:killed_by":{"minecraft:vindicator":2,"minecraft:zombie":2,"minecraft:vex":1,"minecraft:player":4,"minecraft:spider":1,"minecraft:skeleton":11},"minecraft:broken":{"minecraft:stone_pickaxe":1,"minecraft:diamond_shovel":4,"minecraft:diamond_pickaxe":3,"minecraft:stone_axe":1,"minecraft:stone_shovel":1,"minecraft:shield":2,"minecraft:iron_axe":3,"minecraft:iron_pickaxe":1},"minecraft:killed":{"minecraft:spider":3,"minecraft:skeleton":3,"minecraft:piglin":1,"minecraft:pig":1,"minecraft:salmon":59,"minecraft:creeper":1,"minecraft:pillager":3,"minecraft:zombie":23,"minecraft:vex":3,"minecraft:vindicator":1,"minecraft:phantom":1,"minecraft:ravager":1}},"DataVersion":3955}