{"stats":{"minecraft:used":{"minecraft:beetroot":1,"minecraft:chest":18,"minecraft:shield":9,"minecraft:stone":57,"minecraft:iron_sword":75,"minecraft:nether_wart":125,"minecraft:iron_chestplate":1,"minecraft:soul_sand":22,"minecraft:mutton":11,"minecraft:carrot":393,"minecraft:milk_bucket":2,"minecraft:lava_bucket":1,"minecraft:warped_nylium":1,"minecraft:stone_bricks":6,"minecraft:bow":349,"minecraft:ominous_bottle":1,"minecraft:oak_sapling":3,"minecraft:furnace":7,"minecraft:egg":6,"minecraft:potato":155,"minecraft:golden_boots":7,"minecraft:diorite":2,"minecraft:diamond_boots":8,"minecraft:oak_planks":82,"minecraft:stone_pickaxe":141,"minecraft:ender_pearl":6,"minecraft:blackstone":40,"minecraft:wooden_pickaxe":13,"minecraft:sugar_cane":1,"minecraft:diamond_axe":242,"minecraft:redstone_block":1,"minecraft:composter":12,"minecraft:golden_apple":1,"minecraft:blast_furnace":3,"minecraft:black_bed":1,"minecraft:dripstone_block":1,"minecraft:lever":5,"minecraft:crying_obsidian":1,"minecraft:string":5,"minecraft:bread":104,"minecraft:lectern":369,"minecraft:gravel":1,"minecraft:diamond_sword":385,"minecraft:nether_wart_block":2,"minecraft:wooden_sword":66,"minecraft:grindstone":13,"minecraft:oak_boat":7,"minecraft:oak_trapdoor":12,"minecraft:experience_bottle":67,"minecraft:rose_bush":2,"minecraft:enchanting_table":1,"minecraft:netherrack":1369,"minecraft:oak_door":1,"minecraft:torch":31,"minecraft:brewing_stand":13,"minecraft:dirt":252,"minecraft:nether_quartz_ore":2,"minecraft:granite":2,"minecraft:iron_hoe":1,"minecraft:stone_brick_slab":7,"minecraft:chipped_anvil":1,"minecraft:bookshelf":41,"minecraft:iron_axe":302,"minecraft:oak_stairs":2,"minecraft:totem_of_undying":11,"minecraft:diamond_chestplate":2,"minecraft:light_gray_wool":1,"minecraft:golden_carrot":70,"minecraft:soul_soil":3,"minecraft:cobbled_deepslate":27,"minecraft:iron_leggings":1,"minecraft:wheat_seeds":42,"minecraft:water_bucket":48,"minecraft:glass_bottle":3,"minecraft:baked_potato":129,"minecraft:stonecutter":7,"minecraft:warped_roots":2,"minecraft:polished_blackstone_bricks":25,"minecraft:rail":39,"minecraft:crafting_table":20,"minecraft:oak_slab":11,"minecraft:white_bed":9,"minecraft:smoker":3,"minecraft:oak_log":9,"minecraft:piston":4,"minecraft:diamond_pickaxe":25842,"minecraft:apple":1,"minecraft:diamond_shovel":3289,"minecraft:command_block":2,"minecraft:iron_pickaxe":59,"minecraft:stone_slab":15,"minecraft:stone_axe":126,"minecraft:cobblestone":376,"minecraft:porkchop":5,"minecraft:white_banner":1,"minecraft:bucket":52,"minecraft:chain_command_block":5,"minecraft:repeating_command_block":4,"minecraft:yellow_bed":44,"minecraft:dandelion":2,"minecraft:diamond_leggings":2,"minecraft:splash_potion":1},"minecraft:mined":{"minecraft:white_bed":9,"minecraft:farmland":64,"minecraft:brewing_stand":11,"minecraft:granite":2,"minecraft:grass_block":756,"minecraft:soul_soil":3,"minecraft:composter":13,"minecraft:oxeye_daisy":1,"minecraft:nether_wart":113,"minecraft:polished_blackstone_bricks":35,"minecraft:magma_block":17,"minecraft:iron_ore":42,"minecraft:fire":132,"minecraft:cobbled_deepslate":6,"minecraft:deepslate_lapis_ore":2,"minecraft:enchanting_table":1,"minecraft:twisting_vines":1,"minecraft:pointed_dripstone":3,"minecraft:oak_sign":1,"minecraft:dirt_path":13,"minecraft:oak_stairs":2,"minecraft:tripwire":8,"minecraft:brown_mushroom":6,"minecraft:quartz_block":1,"minecraft:blackstone":478,"minecraft:twisting_vines_plant":1,"minecraft:crimson_nylium":1,"minecraft:soul_fire":19,"minecraft:torch":6,"minecraft:blast_furnace":3,"minecraft:chest":15,"minecraft:nether_quartz_ore":444,"minecraft:cobblestone":68,"minecraft:oak_planks":71,"minecraft:grindstone":13,"minecraft:sugar_cane":158,"minecraft:wall_torch":12,"minecraft:warped_nylium":5,"minecraft:nether_wart_block":5,"minecraft:birch_log":1,"minecraft:wheat":38,"minecraft:oak_log":65,"minecraft:beetroots":1,"minecraft:dirt":1790,"minecraft:stonecutter":7,"minecraft:ancient_debris":32,"minecraft:netherrack":21690,"minecraft:deepslate":88,"minecraft:oak_leaves":25,"minecraft:nether_gold_ore":194,"minecraft:tuff":9,"minecraft:deepslate_diamond_ore":12,"minecraft:oak_door":1,"minecraft:nether_bricks":17,"minecraft:lever":1,"minecraft:crimson_roots":1,"minecraft:crimson_stem":28,"minecraft:hay_block":26,"minecraft:oak_trapdoor":8,"minecraft:furnace":6,"minecraft:carrots":395,"minecraft:andesite":26,"minecraft:gold_block":3,"minecraft:bookshelf":37,"minecraft:potatoes":100,"minecraft:shroomlight":1,"minecraft:deepslate_iron_ore":49,"minecraft:rail":39,"minecraft:stone":2517,"minecraft:oak_slab":1,"minecraft:soul_sand":118,"minecraft:basalt":9,"minecraft:stone_brick_slab":5,"minecraft:dandelion":2,"minecraft:crafting_table":19,"minecraft:cornflower":1,"minecraft:short_grass":63,"minecraft:warped_roots":3,"minecraft:lectern":371,"minecraft:stone_slab":1,"minecraft:copper_ore":42,"minecraft:tall_grass":4,"minecraft:deepslate_gold_ore":24,"minecraft:lapis_ore":6,"minecraft:polished_blackstone_brick_stairs":3,"minecraft:diorite":4,"minecraft:warped_wart_block":2,"minecraft:white_wall_banner":1,"minecraft:yellow_bed":36,"minecraft:coal_ore":24,"minecraft:gravel":569,"minecraft:dripstone_block":1,"minecraft:stone_bricks":9,"minecraft:chipped_anvil":1},"minecraft:picked_up":{"minecraft:iron_chestplate":5,"minecraft:wheat":64,"minecraft:stone_slab":3,"minecraft:diamond_sword":5,"minecraft:oak_stairs":6,"minecraft:potion":2,"minecraft:enchanted_book":6,"minecraft:nether_brick":30,"minecraft:brewing_stand":11,"minecraft:string":2518,"minecraft:soul_soil":26,"minecraft:raw_copper":209,"minecraft:iron_leggings":2,"minecraft:shroomlight":1,"minecraft:oak_sign":1,"minecraft:beetroot":1,"minecraft:diamond_leggings":2,"minecraft:gold_nugget":739,"minecraft:cobbled_deepslate":204,"minecraft:bucket":2,"minecraft:rose_bush":4,"minecraft:cobblestone_slab":30,"minecraft:iron_pickaxe":3,"minecraft:iron_boots":2,"minecraft:furnace":10,"minecraft:golden_helmet":1,"minecraft:stick":59,"minecraft:composter":14,"minecraft:oak_fence":23,"minecraft:torch":19,"minecraft:porkchop":18,"minecraft:diorite":7,"minecraft:pointed_dripstone":13,"minecraft:music_disc_pigstep":1,"minecraft:quartz_block":2,"minecraft:nether_gold_ore":24,"minecraft:rotten_flesh":27,"minecraft:bookshelf":29,"minecraft:white_terracotta":9,"minecraft:blaze_rod":37,"minecraft:obsidian":10,"minecraft:cobblestone":994,"minecraft:birch_log":2,"minecraft:enchanting_table":1,"minecraft:pink_petals":2,"minecraft:magma_cream":10,"minecraft:water_bucket":3,"minecraft:andesite":39,"minecraft:potato":386,"minecraft:flint":11,"minecraft:tuff":8,"minecraft:lapis_lazuli":229,"minecraft:dirt":4268,"minecraft:lantern":26,"minecraft:twisting_vines":3,"minecraft:glass":4,"minecraft:bone":42,"minecraft:chipped_anvil":1,"minecraft:bow":4,"minecraft:stonecutter":7,"minecraft:wheat_seeds":156,"minecraft:raw_gold":23,"minecraft:grindstone":13,"minecraft:diamond_helmet":2,"minecraft:glowstone_dust":1,"minecraft:powered_rail":24,"minecraft:oak_planks":152,"minecraft:warped_wart_block":4,"minecraft:sand":22,"minecraft:grass_block":3,"minecraft:spectral_arrow":33,"minecraft:mossy_cobblestone":5,"minecraft:iron_hoe":2,"minecraft:diamond":33,"minecraft:lever":1,"minecraft:crossbow":3,"minecraft:granite":2,"minecraft:bone_meal":2,"minecraft:emerald":586,"minecraft:oak_sapling":18,"minecraft:netherrack":1789,"minecraft:diamond_pickaxe":7,"minecraft:crafting_table":17,"minecraft:chicken":1,"minecraft:ominous_bottle":1,"minecraft:nether_wart":458,"minecraft:brown_mushroom":11,"minecraft:diorite_slab":42,"minecraft:gold_block":3,"minecraft:shield":2,"minecraft:cornflower":3,"minecraft:oak_trapdoor":21,"minecraft:iron_axe":22,"minecraft:blackstone":160,"minecraft:beef":51,"minecraft:oak_boat":8,"minecraft:iron_nugget":86,"minecraft:poppy":4,"minecraft:light_gray_wool":1,"minecraft:minecart":3,"minecraft:lectern":371,"minecraft:sugar_cane":541,"minecraft:chest":17,"minecraft:egg":7,"minecraft:copper_ore":1,"minecraft:raw_iron":93,"minecraft:stone":2492,"minecraft:oak_door":3,"minecraft:fire_charge":2,"minecraft:polished_blackstone_bricks":25,"minecraft:carrot":2494,"minecraft:redstone":89,"minecraft:arrow":52,"minecraft:stone_shovel":1,"minecraft:diamond_chestplate":3,"minecraft:beetroot_seeds":5,"minecraft:nether_bricks":30,"minecraft:deepslate_bricks":8,"minecraft:shears":1,"minecraft:diamond_boots":2,"minecraft:hay_block":53,"minecraft:saddle":7,"minecraft:gold_ingot":12,"minecraft:totem_of_undying":9,"minecraft:mutton":14,"minecraft:rail":81,"minecraft:white_wool":6,"minecraft:oxeye_daisy":2,"minecraft:basalt":6,"minecraft:glow_ink_sac":9,"minecraft:crimson_stem":26,"minecraft:salmon":2,"minecraft:leather":38,"minecraft:oak_log":81,"minecraft:ancient_debris":32,"minecraft:golden_boots":1,"minecraft:yellow_bed":44,"minecraft:nether_wart_block":8,"minecraft:gunpowder":14,"minecraft:cobblestone_stairs":2,"minecraft:paper":18,"minecraft:white_banner":8,"minecraft:apple":2,"minecraft:stone_bricks":11,"minecraft:iron_ingot":77,"minecraft:oak_fence_gate":4,"minecraft:stone_pickaxe":3,"minecraft:glass_bottle":8,"minecraft:iron_sword":2,"minecraft:soul_sand":165,"minecraft:book":120,"minecraft:oak_slab":5,"minecraft:nether_quartz_ore":5,"minecraft:stone_brick_slab":19,"minecraft:quartz":325,"minecraft:dandelion":7,"minecraft:dripstone_block":7,"minecraft:gravel":127,"minecraft:blast_furnace":4,"minecraft:white_bed":9,"minecraft:crying_obsidian":35,"minecraft:spider_eye":9,"minecraft:diamond_shovel":5,"minecraft:stone_axe":2,"minecraft:chainmail_leggings":1,"minecraft:warped_roots":5,"minecraft:baked_potato":134,"minecraft:warped_nylium":2,"minecraft:crimson_nylium":2,"minecraft:coal":92,"minecraft:ender_pearl":25},"minecraft:dropped":{"minecraft:crimson_nylium":2,"minecraft:iron_sword":3,"minecraft:repeating_command_block":1,"minecraft:soul_sand":34,"minecraft:brown_mushroom":5,"minecraft:lapis_lazuli":7,"minecraft:baked_potato":3,"minecraft:glow_ink_sac":3,"minecraft:ender_pearl":1,"minecraft:diamond":27,"minecraft:crossbow":1,"minecraft:warped_roots":3,"minecraft:lantern":8,"minecraft:leather":11,"minecraft:rail":45,"minecraft:flint":1,"minecraft:emerald":285,"minecraft:dirt":67,"minecraft:mutton":1,"minecraft:amethyst_shard":8,"minecraft:bone_meal":2,"minecraft:iron_pickaxe":3,"minecraft:gold_ingot":59,"minecraft:bone":21,"minecraft:gravel":84,"minecraft:stone_axe":3,"minecraft:blackstone":56,"minecraft:sugar_cane":19,"minecraft:iron_nugget":41,"minecraft:cobbled_deepslate":14,"minecraft:nether_brick":30,"minecraft:wheat":6,"minecraft:obsidian":2,"minecraft:pointed_dripstone":13,"minecraft:rotten_flesh":12,"minecraft:grindstone":1,"minecraft:oak_planks":5,"minecraft:diamond_shovel":2,"minecraft:glowstone_dust":1,"minecraft:carrot":120,"minecraft:poppy":2,"minecraft:gunpowder":2,"minecraft:coal_ore":1,"minecraft:beetroot_seeds":4,"minecraft:chest":1,"minecraft:basalt":1,"minecraft:arrow":7,"minecraft:powered_rail":8,"minecraft:beef":20,"minecraft:chain_command_block":1,"minecraft:warped_wart_block":4,"minecraft:quartz":5,"minecraft:netherrack":146,"minecraft:lectern":1,"minecraft:crimson_planks":44,"minecraft:enchanted_book":3,"minecraft:water_bucket":1,"minecraft:iron_ingot":23,"minecraft:oak_slab":2,"minecraft:wheat_seeds":41,"minecraft:dripstone_block":6,"minecraft:bookshelf":5,"minecraft:oak_fence":2,"minecraft:cobblestone":85,"minecraft:book":3,"minecraft:apple":1,"minecraft:music_disc_pigstep":1,"minecraft:stick":7,"minecraft:oxeye_daisy":1,"minecraft:diorite":5,"minecraft:nether_wart_block":6,"minecraft:diamond_helmet":2,"minecraft:fire_charge":2,"minecraft:iron_axe":35,"minecraft:paper":16,"minecraft:string":202,"minecraft:bucket":4,"minecraft:dandelion":2,"minecraft:stone_brick_slab":13,"minecraft:redstone":43,"minecraft:furnace":2,"minecraft:warped_nylium":1,"minecraft:soul_soil":3,"minecraft:oak_trapdoor":1,"minecraft:raw_copper":91,"minecraft:tuff":6,"minecraft:raw_iron":46,"minecraft:composter":1,"minecraft:iron_boots":1,"minecraft:nether_bricks":30,"minecraft:totem_of_undying":2,"minecraft:oak_sign":1,"minecraft:blast_furnace":2,"minecraft:diamond_sword":6,"minecraft:potato":17,"minecraft:hay_block":28,"minecraft:stone":193,"minecraft:diamond_pickaxe":6,"minecraft:andesite":26,"minecraft:oak_sapling":13,"minecraft:spider_eye":4,"minecraft:stone_bricks":11,"minecraft:bow":2,"minecraft:raw_gold":15,"minecraft:nether_quartz_ore":5,"minecraft:magma_cream":5},"minecraft:custom":{"minecraft:interact_with_crafting_table":82,"minecraft:open_barrel":79,"minecraft:open_shulker_box":1,"minecraft:bell_ring":9,"minecraft:leave_game":33,"minecraft:time_since_death":92029,"minecraft:sprint_one_cm":3859628,"minecraft:damage_blocked_by_shield":555,"minecraft:drop":402,"minecraft:talked_to_villager":951,"minecraft:play_time":1072636,"minecraft:deaths":5,"minecraft:jump":22860,"minecraft:interact_with_brewingstand":11,"minecraft:walk_on_water_one_cm":35937,"minecraft:enchant_item":4,"minecraft:interact_with_furnace":101,"minecraft:traded_with_villager":1818,"minecraft:sleep_in_bed":68,"minecraft:open_enderchest":4,"minecraft:damage_dealt":34780,"minecraft:player_kills":1,"minecraft:crouch_one_cm":140841,"minecraft:interact_with_smoker":15,"minecraft:interact_with_smithing_table":1,"minecraft:inspect_dispenser":3,"minecraft:horse_one_cm":2587,"minecraft:interact_with_anvil":5,"minecraft:mob_kills":234,"minecraft:inspect_hopper":2,"minecraft:climb_one_cm":929,"minecraft:walk_one_cm":2592853,"minecraft:raid_win":2,"minecraft:sneak_time":49370,"minecraft:walk_under_water_one_cm":19401,"minecraft:boat_one_cm":18871,"minecraft:interact_with_blast_furnace":6,"minecraft:total_world_time":1072636,"minecraft:raid_trigger":1,"minecraft:interact_with_stonecutter":2,"minecraft:interact_with_grindstone":6,"minecraft:time_since_rest":92071,"minecraft:damage_absorbed":142,"minecraft:damage_taken":17612,"minecraft:swim_one_cm":49127,"minecraft:fly_one_cm":4939000,"minecraft:open_chest":784,"minecraft:fall_one_cm":502226},"minecraft:crafted":{"minecraft:grindstone":2,"minecraft:smooth_stone":3,"minecraft:oak_planks":204,"minecraft:blaze_powder":2,"minecraft:stone":3,"minecraft:lever":4,"minecraft:diamond_shovel":2,"minecraft:bookshelf":18,"minecraft:glass":4,"minecraft:diamond_helmet":3,"minecraft:bow":3,"minecraft:diamond_leggings":1,"minecraft:iron_boots":1,"minecraft:chest":3,"minecraft:rail":32,"minecraft:stone_bricks":8,"minecraft:smoker":3,"minecraft:glass_bottle":3,"minecraft:oak_slab":18,"minecraft:emerald":1571,"minecraft:arrow":560,"minecraft:diamond_axe":3,"minecraft:crafting_table":2,"minecraft:baked_potato":132,"minecraft:wooden_pickaxe":1,"minecraft:iron_helmet":1,"minecraft:gold_block":2,"minecraft:brewing_stand":2,"minecraft:birch_planks":8,"minecraft:apple":4,"minecraft:lectern":1,"minecraft:iron_chestplate":1,"minecraft:book":12,"minecraft:paper":36,"minecraft:diamond_pickaxe":2,"minecraft:yellow_dye":1,"minecraft:shield":3,"minecraft:stick":424,"minecraft:stone_slab":18,"minecraft:iron_ingot":34,"minecraft:iron_pickaxe":1,"minecraft:gold_ingot":74,"minecraft:golden_carrot":105,"minecraft:wooden_sword":1,"minecraft:redstone":8,"minecraft:experience_bottle":39,"minecraft:furnace":5,"minecraft:blast_furnace":1,"minecraft:piston":4,"minecraft:yellow_bed":1,"minecraft:oak_trapdoor":8,"minecraft:lantern":11,"minecraft:iron_axe":31,"minecraft:ender_pearl":36,"minecraft:stone_pickaxe":1,"minecraft:diamond_boots":1,"minecraft:redstone_block":1,"minecraft:wheat":225,"minecraft:sugar":1,"minecraft:crimson_planks":104,"minecraft:diamond_sword":3,"minecraft:iron_sword":2,"minecraft:bucket":2,"minecraft:stone_axe":2,"minecraft:enchanted_book":24,"minecraft:air":0,"minecraft:bread":123,"minecraft:oak_boat":2,"minecraft:white_wool":3,"minecraft:golden_apple":1,"minecraft:gold_nugget":72,"minecraft:fermented_spider_eye":1,"minecraft:iron_leggings":1,"minecraft:white_bed":1,"minecraft:torch":12,"minecraft:diamond_chestplate":1},"minecraft:broken":{"minecraft:stone_pickaxe":1,"minecraft:diamond_shovel":1,"minecraft:wooden_sword":1},"minecraft:killed_by":{"minecraft:magma_cube":1,"minecraft:player":3},"minecraft:killed":{"minecraft:cave_spider":4,"minecraft:zombified_piglin":3,"minecraft:witch":9,"minecraft:spider":1,"minecraft:skeleton":21,"minecraft:chicken":1,"minecraft:piglin_brute":7,"minecraft:magma_cube":35,"minecraft:piglin":6,"minecraft:pig":5,"minecraft:iron_golem":1,"minecraft:sheep":7,"minecraft:pillager":29,"minecraft:zombie":30,"minecraft:ghast":3,"minecraft:blaze":5,"minecraft:cow":12,"minecraft:evoker":5,"minecraft:vex":1,"minecraft:endermite":1,"minecraft:vindicator":19,"minecraft:horse":2,"minecraft:ravager":5,"minecraft:hoglin":2,"minecraft:wither_skeleton":3,"minecraft:villager":1,"minecraft:enderman":11}},"DataVersion":3955}