{"stats":{"minecraft:used":{"minecraft:diorite":3,"minecraft:birch_planks":41,"minecraft:stone_pickaxe":131,"minecraft:stone_shovel":93,"minecraft:oak_planks":64,"minecraft:shield":5,"minecraft:wooden_pickaxe":23,"minecraft:leather_boots":1,"minecraft:rotten_flesh":5,"minecraft:torch":53,"minecraft:spyglass":4,"minecraft:dirt":84,"minecraft:crafting_table":7,"minecraft:carrot":2,"minecraft:crossbow":1,"minecraft:wooden_axe":6,"minecraft:apple":11,"minecraft:string":1,"minecraft:birch_sapling":1,"minecraft:iron_pickaxe":37,"minecraft:stone_axe":162,"minecraft:cobblestone":56,"minecraft:bow":16,"minecraft:cooked_porkchop":5,"minecraft:oak_sapling":2,"minecraft:furnace":5,"minecraft:cooked_cod":8,"minecraft:egg":2},"minecraft:mined":{"minecraft:white_bed":1,"minecraft:crafting_table":7,"minecraft:torch":1,"minecraft:short_grass":21,"minecraft:grass_block":29,"minecraft:copper_ore":31,"minecraft:cobblestone":6,"minecraft:oak_planks":16,"minecraft:diorite":3,"minecraft:wall_torch":6,"minecraft:birch_planks":5,"minecraft:furnace":5,"minecraft:birch_log":32,"minecraft:iron_ore":4,"minecraft:birch_leaves":1,"minecraft:oak_log":16,"minecraft:coal_ore":68,"minecraft:dirt":33,"minecraft:stone":73,"minecraft:tripwire":1,"minecraft:oak_leaves":7,"minecraft:fern":4},"minecraft:dropped":{"minecraft:wheat_seeds":2,"minecraft:birch_sapling":1,"minecraft:diamond_leggings":1,"minecraft:diamond_shovel":1,"minecraft:shears":1,"minecraft:coal":1,"minecraft:stick":1,"minecraft:oxeye_daisy":1,"minecraft:poppy":1,"minecraft:diamond_pickaxe":1,"minecraft:wooden_axe":1,"minecraft:diamond_helmet":1,"minecraft:bow":1,"minecraft:amethyst_shard":5,"minecraft:arrow":4,"minecraft:wooden_pickaxe":1},"minecraft:picked_up":{"minecraft:birch_log":32,"minecraft:iron_chestplate":2,"minecraft:crafting_table":9,"minecraft:feather":1,"minecraft:chicken":9,"minecraft:leather":29,"minecraft:potato":38,"minecraft:birch_planks":65,"minecraft:oak_log":16,"minecraft:shield":2,"minecraft:gunpowder":1,"minecraft:cornflower":6,"minecraft:paper":2,"minecraft:dirt":62,"minecraft:raw_copper":366,"minecraft:iron_leggings":3,"minecraft:leather_boots":1,"minecraft:apple":37,"minecraft:bow":3,"minecraft:diamond_leggings":1,"minecraft:wheat_seeds":4,"minecraft:beef":9,"minecraft:diamond_helmet":1,"minecraft:iron_pickaxe":2,"minecraft:birch_sapling":2,"minecraft:oak_planks":16,"minecraft:egg":2,"minecraft:furnace":5,"minecraft:stick":39,"minecraft:raw_iron":4,"minecraft:cooked_porkchop":3,"minecraft:copper_ingot":8,"minecraft:torch":43,"minecraft:spyglass":2,"minecraft:porkchop":6,"minecraft:amethyst_shard":6,"minecraft:diorite":3,"minecraft:white_bed":2,"minecraft:diamond_shovel":1,"minecraft:stone_shovel":2,"minecraft:arrow":7,"minecraft:diamond_chestplate":3,"minecraft:rotten_flesh":26,"minecraft:cooked_cod":5,"minecraft:stone_axe":2,"minecraft:shears":1,"minecraft:chainmail_leggings":3,"minecraft:emerald":110,"minecraft:diamond_pickaxe":1,"minecraft:oak_sapling":2,"minecraft:mutton":6,"minecraft:coal":187,"minecraft:cod":9,"minecraft:white_wool":1,"minecraft:cobblestone":200,"minecraft:oxeye_daisy":2},"minecraft:custom":{"minecraft:interact_with_furnace":31,"minecraft:mob_kills":42,"minecraft:inspect_hopper":1,"minecraft:traded_with_villager":37,"minecraft:interact_with_cartography_table":1,"minecraft:interact_with_crafting_table":18,"minecraft:open_barrel":17,"minecraft:bell_ring":3,"minecraft:leave_game":2,"minecraft:time_since_death":5042,"minecraft:sleep_in_bed":1,"minecraft:time_since_rest":597,"minecraft:sprint_one_cm":212233,"minecraft:open_enderchest":4,"minecraft:damage_taken":1855,"minecraft:walk_one_cm":304684,"minecraft:damage_blocked_by_shield":245,"minecraft:drop":24,"minecraft:damage_dealt":5895,"minecraft:talked_to_villager":27,"minecraft:swim_one_cm":44171,"minecraft:player_kills":2,"minecraft:fly_one_cm":359525,"minecraft:open_chest":47,"minecraft:crouch_one_cm":15753,"minecraft:play_time":98299,"minecraft:deaths":3,"minecraft:sneak_time":4992,"minecraft:walk_under_water_one_cm":18171,"minecraft:jump":1959,"minecraft:walk_on_water_one_cm":19817,"minecraft:total_world_time":98299,"minecraft:fall_one_cm":33213},"minecraft:crafted":{"minecraft:cooked_cod":9,"minecraft:oak_planks":64,"minecraft:stone_shovel":1,"minecraft:emerald":36,"minecraft:cooked_porkchop":5,"minecraft:crafting_table":1,"minecraft:spyglass":1,"minecraft:wooden_pickaxe":1,"minecraft:furnace":2,"minecraft:birch_planks":88,"minecraft:stone_axe":3,"minecraft:air":0,"minecraft:bow":1,"minecraft:charcoal":10,"minecraft:shield":1,"minecraft:stick":36,"minecraft:iron_ingot":4,"minecraft:iron_pickaxe":1,"minecraft:stone_pickaxe":1,"minecraft:wooden_axe":1,"minecraft:torch":64},"minecraft:killed_by":{"minecraft:skeleton":1,"minecraft:creeper":1,"minecraft:zombie":1},"minecraft:killed":{"minecraft:pig":3,"minecraft:spider":1,"minecraft:cod":9,"minecraft:creeper":1,"minecraft:skeleton":1,"minecraft:sheep":1,"minecraft:zombie":19,"minecraft:chicken":3,"minecraft:drowned":1,"minecraft:cow":2},"minecraft:broken":{"minecraft:stone_pickaxe":1,"minecraft:stone_axe":2}},"DataVersion":3955}