{"stats":{"minecraft:mined":{"minecraft:tuff":21,"minecraft:white_bed":8,"minecraft:mossy_cobblestone":24,"minecraft:deepslate_diamond_ore":20,"minecraft:oak_door":2,"minecraft:cobblestone_stairs":7,"minecraft:cherry_log":2,"minecraft:jungle_leaves":51,"minecraft:grass_block":160,"minecraft:jungle_log":24,"minecraft:oak_wall_sign":1,"minecraft:hay_block":6,"minecraft:raw_iron_block":1,"minecraft:furnace":5,"minecraft:iron_ore":11,"minecraft:cobbled_deepslate":3,"minecraft:andesite":2,"minecraft:potatoes":1,"minecraft:dirt_path":4,"minecraft:vine":11,"minecraft:deepslate_iron_ore":58,"minecraft:oak_stairs":167,"minecraft:stone":337,"minecraft:white_banner":1,"minecraft:white_wool":1,"minecraft:glass_pane":10,"minecraft:stone_brick_slab":30,"minecraft:dandelion":1,"minecraft:oak_fence":5,"minecraft:torch":1,"minecraft:crafting_table":12,"minecraft:short_grass":51,"minecraft:chest":1,"minecraft:rose_bush":1,"minecraft:copper_ore":2,"minecraft:tall_grass":3,"minecraft:cobblestone":143,"minecraft:oak_planks":206,"minecraft:wall_torch":3,"minecraft:pink_petals":1,"minecraft:birch_planks":1,"minecraft:birch_log":33,"minecraft:wheat":2,"minecraft:yellow_bed":6,"minecraft:coal_ore":67,"minecraft:oak_log":128,"minecraft:gravel":29,"minecraft:sand":11,"minecraft:dirt":519,"minecraft:deepslate":148,"minecraft:oak_leaves":64,"minecraft:fern":6},"minecraft:used":{"minecraft:rose_bush":2,"minecraft:stone_shovel":704,"minecraft:oak_sign":1,"minecraft:chest":3,"minecraft:shield":45,"minecraft:cooked_chicken":2,"minecraft:rotten_flesh":16,"minecraft:iron_chestplate":2,"minecraft:torch":4,"minecraft:dirt":46,"minecraft:mutton":1,"minecraft:carrot":84,"minecraft:tuff":9,"minecraft:wooden_axe":148,"minecraft:jungle_sapling":5,"minecraft:stone_brick_slab":605,"minecraft:bookshelf":2,"minecraft:iron_axe":69,"minecraft:oak_stairs":1,"minecraft:iron_boots":1,"minecraft:oak_sapling":4,"minecraft:furnace":6,"minecraft:egg":1,"minecraft:enchanted_golden_apple":1,"minecraft:cherry_log":2,"minecraft:cobbled_deepslate":123,"minecraft:iron_leggings":2,"minecraft:cooked_mutton":2,"minecraft:water_bucket":28,"minecraft:diorite":8,"minecraft:diamond_boots":2,"minecraft:birch_planks":1,"minecraft:stone_pickaxe":364,"minecraft:oak_planks":16,"minecraft:wooden_pickaxe":179,"minecraft:diamond_axe":133,"minecraft:white_wool":1,"minecraft:golden_apple":1,"minecraft:crafting_table":15,"minecraft:white_bed":9,"minecraft:diamond_pickaxe":122,"minecraft:apple":9,"minecraft:diamond_shovel":11,"minecraft:bread":28,"minecraft:iron_pickaxe":250,"minecraft:stone_axe":436,"minecraft:pink_petals":2,"minecraft:diamond_sword":260,"minecraft:cobblestone":82,"minecraft:white_banner":1,"minecraft:cooked_porkchop":15,"minecraft:andesite":4,"minecraft:bucket":28,"minecraft:yellow_bed":6,"minecraft:diamond_leggings":3,"minecraft:bone_meal":11},"minecraft:dropped":{"minecraft:water_bucket":2,"minecraft:iron_ingot":17,"minecraft:bread":64,"minecraft:porkchop":6,"minecraft:brown_mushroom":5,"minecraft:birch_planks":34,"minecraft:wheat_seeds":5,"minecraft:diamond_axe":1,"minecraft:cherry_log":1,"minecraft:ender_pearl":1,"minecraft:glass_bottle":7,"minecraft:diamond":24,"minecraft:crafting_table":2,"minecraft:bookshelf":12,"minecraft:diamond_leggings":1,"minecraft:cobblestone":52,"minecraft:apple":14,"minecraft:jungle_planks":33,"minecraft:emerald":94,"minecraft:flint":2,"minecraft:stick":76,"minecraft:diamond_horse_armor":1,"minecraft:dirt":522,"minecraft:mutton":9,"minecraft:wooden_axe":1,"minecraft:diamond_helmet":2,"minecraft:iron_leggings":1,"minecraft:sand":14,"minecraft:iron_axe":3,"minecraft:sugar":4,"minecraft:paper":7,"minecraft:string":7,"minecraft:pink_petals":2,"minecraft:stone_brick_slab":64,"minecraft:dandelion":4,"minecraft:redstone":6,"minecraft:bone":7,"minecraft:gravel":62,"minecraft:furnace":1,"minecraft:stone_axe":2,"minecraft:cobbled_deepslate":2,"minecraft:raw_copper":7,"minecraft:wheat":3,"minecraft:raw_iron":42,"minecraft:stone_shovel":1,"minecraft:rotten_flesh":8,"minecraft:oak_planks":193,"minecraft:white_bed":2,"minecraft:salmon":57,"minecraft:diamond_sword":3,"minecraft:poppy":2,"minecraft:potato":64,"minecraft:hay_block":25,"minecraft:tipped_arrow":5,"minecraft:shield":2,"minecraft:diamond_pickaxe":2,"minecraft:redstone_torch":13,"minecraft:stone_bricks":2,"minecraft:diamond_boots":2,"minecraft:stone_pickaxe":1,"minecraft:arrow":58,"minecraft:bow":1,"minecraft:glass":1,"minecraft:beef":54,"minecraft:quartz":64,"minecraft:egg":2},"minecraft:killed_by":{"minecraft:player":2,"minecraft:creeper":2,"minecraft:pillager":1,"minecraft:vindicator":6,"minecraft:skeleton":2,"minecraft:zombie":6,"minecraft:vex":2},"minecraft:crafted":{"minecraft:oak_planks":216,"minecraft:stone_shovel":9,"minecraft:cooked_chicken":2,"minecraft:furnace":3,"minecraft:bone_meal":30,"minecraft:cooked_mutton":1,"minecraft:stone_brick_slab":546,"minecraft:diamond_helmet":2,"minecraft:diamond_leggings":1,"minecraft:stone_pickaxe":3,"minecraft:chest":2,"minecraft:diamond_boots":2,"minecraft:stone_bricks":104,"minecraft:wheat":362,"minecraft:diamond_sword":1,"minecraft:emerald":106,"minecraft:cooked_porkchop":23,"minecraft:diamond_axe":1,"minecraft:crafting_table":4,"minecraft:wooden_pickaxe":3,"minecraft:hay_block":6,"minecraft:birch_planks":128,"minecraft:stone_axe":6,"minecraft:bread":113,"minecraft:air":0,"minecraft:jungle_planks":92,"minecraft:diamond_pickaxe":1,"minecraft:shield":2,"minecraft:stick":88,"minecraft:iron_ingot":20,"minecraft:iron_pickaxe":1,"minecraft:wooden_axe":4,"minecraft:white_bed":2,"minecraft:torch":4,"minecraft:diamond_chestplate":2},"minecraft:killed":{"minecraft:witch":1,"minecraft:spider":8,"minecraft:skeleton":11,"minecraft:chicken":2,"minecraft:pig":16,"minecraft:sheep":9,"minecraft:pillager":3,"minecraft:zombie":36,"minecraft:enderman":3,"minecraft:cow":18},"minecraft:custom":{"minecraft:mob_kills":112,"minecraft:interact_with_crafting_table":30,"minecraft:open_barrel":8,"minecraft:leave_game":18,"minecraft:time_since_death":115561,"minecraft:damage_resisted":16,"minecraft:climb_one_cm":11123,"minecraft:sprint_one_cm":1044467,"minecraft:walk_one_cm":1049095,"minecraft:damage_blocked_by_shield":2971,"minecraft:drop":143,"minecraft:talked_to_villager":52,"minecraft:raid_win":1,"minecraft:play_time":440322,"minecraft:sneak_time":2454,"minecraft:deaths":24,"minecraft:walk_under_water_one_cm":10377,"minecraft:jump":10455,"minecraft:walk_on_water_one_cm":53615,"minecraft:total_world_time":440322,"minecraft:interact_with_furnace":28,"minecraft:traded_with_villager":114,"minecraft:sleep_in_bed":32,"minecraft:time_since_rest":16627,"minecraft:damage_absorbed":40,"minecraft:damage_taken":11687,"minecraft:damage_dealt":18824,"minecraft:player_kills":3,"minecraft:swim_one_cm":40888,"minecraft:fly_one_cm":2379478,"minecraft:open_chest":102,"minecraft:crouch_one_cm":4094,"minecraft:fall_one_cm":283255},"minecraft:broken":{"minecraft:wooden_pickaxe":3,"minecraft:stone_pickaxe":1,"minecraft:shield":1,"minecraft:stone_axe":3,"minecraft:iron_pickaxe":1,"minecraft:wooden_axe":3,"minecraft:stone_shovel":5},"minecraft:picked_up":{"minecraft:wooden_axe":8,"minecraft:iron_chestplate":11,"minecraft:crafting_table":16,"minecraft:wheat":94,"minecraft:chicken":2,"minecraft:diamond_sword":12,"minecraft:brown_mushroom":15,"minecraft:wooden_pickaxe":1,"minecraft:oak_stairs":151,"minecraft:diamond_horse_armor":1,"minecraft:shield":13,"minecraft:cornflower":1,"minecraft:string":352,"minecraft:raw_copper":7,"minecraft:iron_axe":17,"minecraft:iron_leggings":4,"minecraft:oak_sign":1,"minecraft:diamond_leggings":7,"minecraft:cobbled_deepslate":419,"minecraft:beef":81,"minecraft:rose_bush":2,"minecraft:redstone_torch":65,"minecraft:jungle_sapling":5,"minecraft:poppy":11,"minecraft:iron_pickaxe":10,"minecraft:enchanted_golden_apple":4,"minecraft:chest":1,"minecraft:egg":3,"minecraft:iron_boots":1,"minecraft:furnace":5,"minecraft:tipped_arrow":5,"minecraft:raw_iron":236,"minecraft:stick":42,"minecraft:stone":5,"minecraft:oak_door":4,"minecraft:oak_fence":4,"minecraft:torch":33,"minecraft:porkchop":59,"minecraft:cherry_log":4,"minecraft:diorite":14,"minecraft:carrot":336,"minecraft:redstone":58,"minecraft:arrow":124,"minecraft:diamond_chestplate":4,"minecraft:stone_shovel":11,"minecraft:rotten_flesh":131,"minecraft:diamond_boots":7,"minecraft:hay_block":89,"minecraft:bookshelf":76,"minecraft:saddle":5,"minecraft:mutton":44,"minecraft:cobblestone":963,"minecraft:white_wool":33,"minecraft:birch_log":36,"minecraft:pink_petals":4,"minecraft:feather":5,"minecraft:jungle_log":23,"minecraft:andesite":8,"minecraft:water_bucket":8,"minecraft:salmon":59,"minecraft:leather":13,"minecraft:potato":256,"minecraft:birch_planks":251,"minecraft:flint":12,"minecraft:tuff":9,"minecraft:oak_log":122,"minecraft:yellow_bed":7,"minecraft:gunpowder":2,"minecraft:cobblestone_stairs":7,"minecraft:dirt":779,"minecraft:paper":119,"minecraft:white_banner":1,"minecraft:cooked_mutton":1,"minecraft:glass":1,"minecraft:bone":18,"minecraft:apple":17,"minecraft:stone_bricks":4,"minecraft:bow":1,"minecraft:wheat_seeds":32,"minecraft:iron_ingot":1,"minecraft:stone_pickaxe":5,"minecraft:diamond_helmet":12,"minecraft:glass_bottle":35,"minecraft:oak_planks":913,"minecraft:oak_slab":8,"minecraft:cooked_porkchop":16,"minecraft:stone_brick_slab":481,"minecraft:quartz":64,"minecraft:dandelion":7,"minecraft:gravel":81,"minecraft:sand":14,"minecraft:white_bed":10,"minecraft:spider_eye":7,"minecraft:mossy_cobblestone":29,"minecraft:diamond_shovel":1,"minecraft:sugar":12,"minecraft:stone_axe":10,"minecraft:diamond":69,"minecraft:diamond_axe":12,"minecraft:crossbow":5,"minecraft:granite":14,"minecraft:bone_meal":8,"minecraft:golden_apple":1,"minecraft:emerald":371,"minecraft:bread":47,"minecraft:oak_sapling":6,"minecraft:coal":135,"minecraft:diamond_pickaxe":9,"minecraft:ender_pearl":3}},"DataVersion":3955}