{"stats":{"minecraft:used":{"minecraft:oak_log":1,"minecraft:apple":8,"minecraft:stone_axe":131,"minecraft:dirt":2,"minecraft:beef":3,"minecraft:oak_sapling":13},"minecraft:dropped":{"swem:timothy_seeds":1,"minecraft:oak_log":152,"minecraft:birch_sapling":1,"minecraft:apple":1,"swem:oat_seeds":1,"minecraft:stick":8},"minecraft:killed":{"minecraft:cow":1},"minecraft:broken":{"minecraft:stone_axe":1},"minecraft:picked_up":{"minecraft:book":6,"swem:timothy_seeds":1,"minecraft:stick":57,"minecraft:leather":1,"minecraft:oak_fence":3,"minecraft:oak_log":153,"minecraft:dirt":3,"minecraft:apple":9,"minecraft:stone_axe":1,"minecraft:bell":1,"minecraft:beef":3,"minecraft:oak_sapling":61,"swem:oat_seeds":1,"minecraft:birch_sapling":1},"minecraft:mined":{"treechop:chopped_log":21,"minecraft:grass":3,"minecraft:grass_block":3,"minecraft:oak_log":1,"minecraft:dirt":1,"minecraft:oak_leaves":5},"minecraft:custom":{"minecraft:time_since_rest":31297,"minecraft:sprint_one_cm":48922,"minecraft:damage_taken":999,"minecraft:walk_one_cm":45494,"minecraft:mob_kills":1,"minecraft:drop":15,"minecraft:damage_dealt":125,"minecraft:swim_one_cm":1587,"minecraft:interact_with_crafting_table":1,"minecraft:fly_one_cm":46263,"minecraft:crouch_one_cm":1015,"minecraft:play_time":31297,"minecraft:sneak_time":183,"minecraft:walk_under_water_one_cm":2375,"minecraft:jump":286,"minecraft:damage_dealt_resisted":22,"minecraft:leave_game":3,"minecraft:walk_on_water_one_cm":4461,"minecraft:time_since_death":31297,"minecraft:climb_one_cm":424,"minecraft:total_world_time":31297,"minecraft:fall_one_cm":9334}},"DataVersion":3465}