{"stats":{"minecraft:picked_up":{"minecraft:rotten_flesh":2},"minecraft:killed_by":{"minecraft:zombie":1},"minecraft:custom":{"minecraft:jump":20,"minecraft:time_since_rest":1830,"minecraft:damage_dealt":59,"minecraft:crouch_one_cm":839,"minecraft:sprint_one_cm":168,"minecraft:deaths":1,"minecraft:play_time":5789,"minecraft:damage_taken":790,"minecraft:time_since_death":4609,"minecraft:walk_one_cm":6423,"minecraft:sneak_time":357,"minecraft:total_world_time":5789,"minecraft:fly_one_cm":940}},"DataVersion":3465}