{"stats":{"minecraft:picked_up":{"alexsmobs:flying_fish":1},"minecraft:used":{"alexsmobs:flying_fish":1},"minecraft:custom":{"minecraft:jump":7,"minecraft:time_since_rest":3486,"minecraft:damage_dealt":56,"minecraft:crouch_one_cm":195,"minecraft:sprint_one_cm":490,"minecraft:play_time":3486,"minecraft:damage_taken":150,"minecraft:time_since_death":3486,"minecraft:walk_one_cm":4573,"minecraft:sneak_time":20,"minecraft:total_world_time":3486,"minecraft:fall_one_cm":209,"minecraft:fly_one_cm":219}},"DataVersion":3465}