{"stats":{"minecraft:picked_up":{"minecraft:stick":22,"minecraft:apple":4,"minecraft:stone_axe":1,"minecraft:oak_log":54,"minecraft:oak_sapling":27,"minecraft:birch_sapling":1,"minecraft:dirt":2},"minecraft:dropped":{"minecraft:stick":8},"minecraft:mined":{"minecraft:grass_block":3,"minecraft:oak_log":1,"minecraft:dirt":1,"treechop:chopped_log":5,"minecraft:oak_leaves":4},"minecraft:used":{"minecraft:stone_axe":31,"minecraft:oak_sapling":13},"minecraft:custom":{"minecraft:time_since_rest":5869,"minecraft:crouch_one_cm":25,"minecraft:play_time":5869,"minecraft:sprint_one_cm":6581,"minecraft:damage_taken":198,"minecraft:walk_one_cm":17131,"minecraft:sneak_time":56,"minecraft:drop":8,"minecraft:jump":92,"minecraft:damage_dealt":9,"minecraft:leave_game":1,"minecraft:time_since_death":5869,"minecraft:total_world_time":5869,"minecraft:interact_with_crafting_table":1,"minecraft:fall_one_cm":3841,"minecraft:fly_one_cm":5786}},"DataVersion":3465}