{"stats":{"minecraft:dropped":{"minecraft:iron_sword":1,"minecraft:piston":1,"minecraft:glow_ink_sac":3,"minecraft:glass_bottle":9,"minecraft:diamond":28,"minecraft:crossbow":10,"minecraft:cracked_stone_bricks":1,"minecraft:saddle":2,"minecraft:red_mushroom":1,"minecraft:emerald":348,"minecraft:dirt":1769,"minecraft:gold_nugget":184,"minecraft:sand":8,"minecraft:sugar":3,"minecraft:iron_pickaxe":3,"minecraft:white_wool":7,"minecraft:bone":111,"minecraft:oak_door":2,"minecraft:stone_axe":2,"minecraft:sugar_cane":1,"minecraft:cobbled_deepslate":52,"minecraft:birch_sapling":9,"minecraft:netherite_sword":2,"minecraft:wheat":11,"minecraft:rotten_flesh":135,"minecraft:oak_planks":2,"minecraft:glowstone_dust":3,"minecraft:salmon":9,"minecraft:quartz_block":1,"minecraft:iron_ingot":54,"minecraft:enchanted_book":4,"minecraft:golden_boots":2,"minecraft:wheat_seeds":172,"minecraft:oak_fence":5,"minecraft:iron_helmet":2,"minecraft:cobblestone":658,"minecraft:book":8,"minecraft:apple":2,"minecraft:granite":9,"minecraft:golden_carrot":64,"minecraft:ink_sac":5,"minecraft:wooden_axe":1,"minecraft:diamond_helmet":6,"minecraft:oak_stairs":106,"minecraft:white_banner":9,"minecraft:smooth_stone":3,"minecraft:chainmail_leggings":16,"minecraft:iron_shovel":1,"minecraft:string":620,"minecraft:soul_soil":4,"minecraft:stone_shovel":4,"minecraft:clay_ball":12,"minecraft:iron_boots":1,"minecraft:white_terracotta":48,"minecraft:suspicious_stew":6,"minecraft:diamond_sword":5,"minecraft:potato":26,"minecraft:hay_block":26,"minecraft:stone":120,"minecraft:diamond_pickaxe":9,"minecraft:yellow_bed":1,"minecraft:spider_eye":47,"minecraft:stone_bricks":2,"minecraft:bow":40,"minecraft:magma_block":6,"minecraft:terracotta":4,"minecraft:birch_planks":34,"minecraft:soul_sand":66,"minecraft:brown_mushroom":10,"minecraft:diamond_axe":3,"minecraft:warped_fungus":1,"minecraft:oak_log":2,"minecraft:leather":5,"minecraft:cod":2,"minecraft:flint":50,"minecraft:cobblestone_stairs":3,"minecraft:cornflower":2,"minecraft:amethyst_shard":7,"minecraft:gravel":132,"minecraft:blackstone":47,"minecraft:spyglass":1,"minecraft:beetroot":1,"minecraft:diamond_shovel":6,"minecraft:carrot":586,"minecraft:chainmail_chestplate":1,"minecraft:poppy":12,"minecraft:oak_fence_gate":4,"minecraft:leather_chestplate":1,"minecraft:gunpowder":11,"minecraft:chainmail_boots":15,"minecraft:chest":1,"minecraft:arrow":91,"minecraft:quartz":68,"minecraft:netherrack":2369,"minecraft:oak_slab":4,"minecraft:mossy_cobblestone":11,"minecraft:diamond_leggings":3,"minecraft:grass_block":44,"minecraft:stick":66,"minecraft:diorite":28,"minecraft:torch":14,"minecraft:iron_leggings":4,"minecraft:stonecutter":1,"minecraft:iron_axe":11,"minecraft:pink_petals":24,"minecraft:bucket":1,"minecraft:dandelion":28,"minecraft:redstone":4,"minecraft:oak_trapdoor":17,"minecraft:nether_wart":6,"minecraft:raw_copper":142,"minecraft:tuff":52,"minecraft:totem_of_undying":7,"minecraft:flint_and_steel":1,"minecraft:deepslate_bricks":5,"minecraft:shield":14,"minecraft:diamond_chestplate":1,"minecraft:iron_chestplate":3,"minecraft:andesite":3,"minecraft:golden_leggings":1,"minecraft:oak_boat":3,"minecraft:oak_sapling":15,"minecraft:diamond_boots":3,"minecraft:stone_pickaxe":11,"minecraft:wooden_pickaxe":2,"minecraft:raw_gold":22,"minecraft:magma_cream":2},"minecraft:picked_up":{"minecraft:wooden_axe":1,"minecraft:iron_chestplate":3,"minecraft:chainmail_boots":1,"minecraft:anvil":1,"minecraft:lead":12,"minecraft:smithing_table":10,"minecraft:stone_slab":14,"minecraft:diamond_sword":7,"minecraft:oak_stairs":214,"minecraft:enchanted_book":3,"minecraft:string":11755,"minecraft:soul_soil":35,"minecraft:beetroot":1,"minecraft:diamond_leggings":4,"minecraft:gold_nugget":2470,"minecraft:cobbled_deepslate":1513,"minecraft:golden_helmet":1,"minecraft:composter":2,"minecraft:glowstone":18,"minecraft:bookshelf":9,"minecraft:white_terracotta":57,"minecraft:birch_log":289,"minecraft:magma_block":6,"minecraft:cooked_beef":38,"minecraft:flint":101,"minecraft:lantern":1,"minecraft:chipped_anvil":5,"minecraft:stonecutter":5,"minecraft:diamond_helmet":5,"minecraft:glowstone_dust":18,"minecraft:ink_sac":52,"minecraft:barrel":5,"minecraft:deepslate":4,"minecraft:lever":9,"minecraft:granite":40,"minecraft:bread":17,"minecraft:diamond_pickaxe":17,"minecraft:crafting_table":20,"minecraft:ominous_bottle":4,"minecraft:nether_wart":8,"minecraft:clay_ball":12,"minecraft:dragon_head":3,"minecraft:purpur_block":1,"minecraft:cornflower":2,"minecraft:elytra":1,"minecraft:netherite_scrap":1,"minecraft:white_stained_glass":21,"minecraft:iron_shovel":1,"minecraft:cracked_stone_bricks":4,"minecraft:netherite_sword":2,"minecraft:beef":15,"minecraft:poppy":22,"minecraft:minecart":27,"minecraft:quartz_stairs":57,"minecraft:chest":37,"minecraft:birch_sapling":10,"minecraft:piston":10,"minecraft:egg":7,"minecraft:copper_ore":1,"minecraft:black_stained_glass":6,"minecraft:stone":724,"minecraft:oak_door":2,"minecraft:carrot":2181,"minecraft:redstone":632,"minecraft:stone_shovel":3,"minecraft:diamond_chestplate":1,"minecraft:hay_block":26,"minecraft:deepslate_bricks":143,"minecraft:diamond_boots":2,"minecraft:purpur_slab":1,"minecraft:gold_ingot":4,"minecraft:totem_of_undying":33,"minecraft:white_shulker_box":15,"minecraft:mutton":13,"minecraft:white_wool":24,"minecraft:bone_block":16,"minecraft:rail":189,"minecraft:oxeye_daisy":1,"minecraft:stripped_oak_log":3,"minecraft:red_mushroom":1,"minecraft:oak_log":1150,"minecraft:ancient_debris":38,"minecraft:golden_boots":2,"minecraft:paper":16,"minecraft:white_banner":33,"minecraft:stone_bricks":131,"minecraft:apple":2,"minecraft:warped_stem":8,"minecraft:stone_pickaxe":6,"minecraft:oak_fence_gate":5,"minecraft:glass_bottle":13,"minecraft:smooth_basalt":6,"minecraft:spyglass":1,"minecraft:gravel":227,"minecraft:birch_stairs":39,"minecraft:diamond_shovel":10,"minecraft:coal_ore":11,"minecraft:slime_ball":7,"minecraft:stone_axe":5,"minecraft:diamond_axe":9,"minecraft:hopper":14,"minecraft:ender_pearl":53,"minecraft:shulker_shell":11,"minecraft:wheat":11,"minecraft:yellow_wool":11,"minecraft:potion":1,"minecraft:raw_copper":161,"minecraft:iron_leggings":16,"minecraft:oak_sign":2,"minecraft:black_shulker_box":40,"minecraft:smooth_stone":3,"minecraft:comparator":3,"minecraft:bucket":2,"minecraft:rose_bush":4,"minecraft:redstone_torch":5,"minecraft:cobblestone_slab":61,"minecraft:ender_eye":2,"minecraft:iron_pickaxe":4,"minecraft:iron_boots":2,"minecraft:furnace":23,"minecraft:stick":118,"minecraft:deepslate_brick_wall":24,"minecraft:oak_fence":96,"minecraft:torch":59,"minecraft:diorite":100,"minecraft:quartz_block":125,"minecraft:nether_gold_ore":8,"minecraft:rotten_flesh":233,"minecraft:obsidian":20,"minecraft:cod":7,"minecraft:cobblestone":2781,"minecraft:enchanting_table":2,"minecraft:pink_petals":40,"minecraft:leather_chestplate":1,"minecraft:magma_cream":2,"minecraft:repeater":9,"minecraft:andesite":74,"minecraft:black_bed":1,"minecraft:golden_leggings":1,"minecraft:potato":39,"minecraft:tuff":95,"minecraft:lapis_lazuli":36,"minecraft:dirt":8184,"minecraft:name_tag":2,"minecraft:glass":1,"minecraft:bone":145,"minecraft:bow":13,"minecraft:wheat_seeds":247,"minecraft:deepslate_brick_slab":7,"minecraft:raw_gold":167,"minecraft:grindstone":4,"minecraft:mossy_stone_bricks":8,"minecraft:fletching_table":21,"minecraft:powered_rail":7,"minecraft:oak_planks":259,"minecraft:ghast_tear":8,"minecraft:sand":701,"minecraft:jungle_planks":1,"minecraft:grass_block":130,"minecraft:shulker_box":6,"minecraft:mossy_cobblestone":16,"minecraft:sugar":3,"minecraft:diamond":163,"minecraft:cracked_polished_blackstone_bricks":52,"minecraft:crossbow":14,"minecraft:golden_apple":2,"minecraft:emerald":581,"minecraft:oak_sapling":30,"minecraft:netherrack":4325,"minecraft:chorus_fruit":6,"minecraft:end_stone_bricks":2,"minecraft:brown_mushroom":10,"minecraft:wooden_pickaxe":1,"minecraft:gold_block":15,"minecraft:diorite_slab":58,"minecraft:shield":15,"minecraft:oak_trapdoor":53,"minecraft:iron_axe":11,"minecraft:birch_fence":12,"minecraft:blackstone":78,"minecraft:oak_boat":30,"minecraft:lectern":539,"minecraft:sugar_cane":1116,"minecraft:raw_iron":701,"minecraft:end_stone":168,"minecraft:polished_blackstone_bricks":71,"minecraft:arrow":192,"minecraft:pumpkin_pie":5,"minecraft:saddle":18,"minecraft:golden_carrot":32,"minecraft:glow_ink_sac":36,"minecraft:salmon":11,"minecraft:leather":20,"minecraft:birch_planks":34,"minecraft:chainmail_chestplate":1,"minecraft:yellow_bed":21,"minecraft:gunpowder":146,"minecraft:cobblestone_stairs":3,"minecraft:cooked_mutton":7,"minecraft:iron_ingot":88,"minecraft:stripped_oak_wood":1,"minecraft:soul_sand":188,"minecraft:book":176,"minecraft:oak_slab":46,"minecraft:warped_fungus":1,"minecraft:nether_quartz_ore":14,"minecraft:stone_brick_slab":257,"minecraft:quartz":2568,"minecraft:dandelion":29,"minecraft:amethyst_shard":7,"minecraft:blast_furnace":9,"minecraft:white_bed":22,"minecraft:spider_eye":57,"minecraft:chainmail_leggings":3,"minecraft:terracotta":4,"minecraft:coal":1053},"minecraft:killed_by":{"minecraft:zombie":3,"minecraft:creeper":1,"minecraft:spider":1,"minecraft:iron_golem":1,"minecraft:skeleton":7},"minecraft:mined":{"minecraft:dragon_wall_head":1,"minecraft:white_bed":22,"minecraft:obsidian":21,"minecraft:granite":38,"minecraft:deepslate_bricks":87,"minecraft:purpur_slab":1,"minecraft:hopper":14,"minecraft:nether_wart":4,"minecraft:oak_wall_sign":2,"minecraft:oxeye_daisy":1,"minecraft:spawner":2,"minecraft:polished_blackstone_bricks":71,"minecraft:tall_seagrass":7,"minecraft:magma_block":6,"minecraft:cobbled_deepslate":23,"minecraft:fire":84,"minecraft:barrel":5,"minecraft:fletching_table":21,"minecraft:deepslate_lapis_ore":3,"minecraft:enchanting_table":2,"minecraft:dirt_path":424,"minecraft:oak_stairs":217,"minecraft:white_shulker_box":15,"minecraft:tripwire":36,"minecraft:deepslate_brick_wall":26,"minecraft:crimson_nylium":7,"minecraft:soul_fire":63,"minecraft:blast_furnace":6,"minecraft:glass":1,"minecraft:sugar_cane":835,"minecraft:white_terracotta":72,"minecraft:repeater":9,"minecraft:wheat":17,"minecraft:black_bed":1,"minecraft:warped_fungus":1,"minecraft:oak_fence_gate":1,"minecraft:smooth_basalt":7,"minecraft:stonecutter":4,"minecraft:piston":1,"minecraft:deepslate":1065,"minecraft:mossy_cobblestone":21,"minecraft:shulker_box":6,"minecraft:end_stone":169,"minecraft:jungle_planks":1,"minecraft:redstone_wire":4,"minecraft:redstone_ore":9,"minecraft:andesite":113,"minecraft:potatoes":5,"minecraft:cobblestone_slab":31,"minecraft:rail":135,"minecraft:warped_stem":8,"minecraft:bone_block":17,"minecraft:white_wool":12,"minecraft:smithing_table":10,"minecraft:oak_slab":30,"minecraft:birch_stairs":39,"minecraft:glass_pane":15,"minecraft:comparator":3,"minecraft:soul_sand":274,"minecraft:stone_brick_slab":242,"minecraft:dandelion":8,"minecraft:cornflower":1,"minecraft:short_grass":546,"minecraft:tall_grass":111,"minecraft:copper_ore":17,"minecraft:deepslate_gold_ore":72,"minecraft:diorite":97,"minecraft:black_stained_glass":11,"minecraft:birch_leaves":1,"minecraft:gravel":555,"minecraft:cobweb":7,"minecraft:stone_bricks":127,"minecraft:chipped_anvil":5,"minecraft:gold_ore":10,"minecraft:black_shulker_box":40,"minecraft:farmland":21,"minecraft:cobblestone_stairs":6,"minecraft:grass_block":5544,"minecraft:cracked_polished_blackstone_bricks":52,"minecraft:soul_soil":38,"minecraft:composter":1,"minecraft:smooth_stone":3,"minecraft:glowstone":18,"minecraft:iron_ore":182,"minecraft:dragon_head":2,"minecraft:anvil":1,"minecraft:iron_bars":1,"minecraft:end_stone_bricks":2,"minecraft:deepslate_redstone_ore":60,"minecraft:quartz_block":125,"minecraft:blackstone":227,"minecraft:clay":3,"minecraft:poppy":4,"minecraft:chest":37,"minecraft:nether_quartz_ore":1791,"minecraft:cobblestone":345,"minecraft:grindstone":4,"minecraft:oak_planks":222,"minecraft:wall_torch":2,"minecraft:pink_petals":3,"minecraft:warped_nylium":14,"minecraft:powered_rail":6,"minecraft:yellow_wool":12,"minecraft:birch_log":300,"minecraft:stripped_oak_wood":1,"minecraft:purpur_block":1,"minecraft:oak_log":1170,"minecraft:beetroots":1,"minecraft:sand":749,"minecraft:dirt":4993,"minecraft:netherrack":20865,"minecraft:ancient_debris":38,"minecraft:oak_leaves":97,"minecraft:nether_gold_ore":359,"minecraft:diamond_ore":1,"minecraft:tuff":95,"minecraft:quartz_stairs":57,"minecraft:deepslate_diamond_ore":90,"minecraft:oak_door":3,"minecraft:lever":1,"minecraft:white_stained_glass":25,"minecraft:deepslate_brick_slab":7,"minecraft:diorite_slab":21,"minecraft:oak_trapdoor":48,"minecraft:furnace":20,"minecraft:carrots":392,"minecraft:gold_block":16,"minecraft:bookshelf":48,"minecraft:deepslate_iron_ore":126,"minecraft:lantern":1,"minecraft:stripped_oak_log":16,"minecraft:chorus_plant":1,"minecraft:stone":2861,"minecraft:redstone_wall_torch":4,"minecraft:oak_fence":107,"minecraft:crafting_table":18,"minecraft:rose_bush":7,"minecraft:lectern":538,"minecraft:deepslate_coal_ore":4,"minecraft:lapis_ore":3,"minecraft:redstone_torch":1,"minecraft:yellow_bed":27,"minecraft:coal_ore":610,"minecraft:cherry_leaves":3,"minecraft:cracked_stone_bricks":4,"minecraft:terracotta":4,"minecraft:mossy_stone_bricks":8},"minecraft:broken":{"minecraft:stone_pickaxe":2},"minecraft:killed":{"minecraft:shulker":17,"minecraft:skeleton":84,"minecraft:magma_cube":3,"minecraft:iron_golem":7,"minecraft:pillager":140,"minecraft:zombie":112,"minecraft:cow":7,"minecraft:evoker":32,"minecraft:vindicator":92,"minecraft:wandering_trader":2,"minecraft:ravager":16,"minecraft:enderman":23,"minecraft:zombified_piglin":1,"minecraft:witch":25,"minecraft:spider":21,"minecraft:silverfish":1,"minecraft:piglin_brute":1,"minecraft:piglin":7,"minecraft:zombie_villager":7,"minecraft:creeper":41,"minecraft:sheep":6,"minecraft:trader_llama":3,"minecraft:ghast":5,"minecraft:vex":25,"minecraft:slime":6,"minecraft:squid":14,"minecraft:villager":114},"minecraft:custom":{"minecraft:interact_with_crafting_table":268,"minecraft:open_barrel":166,"minecraft:leave_game":58,"minecraft:time_since_death":246,"minecraft:damage_blocked_by_shield":2872,"minecraft:play_time":2001424,"minecraft:deaths":16,"minecraft:jump":33040,"minecraft:enchant_item":1,"minecraft:interact_with_furnace":379,"minecraft:traded_with_villager":3822,"minecraft:sleep_in_bed":104,"minecraft:damage_dealt":169881,"minecraft:inspect_dispenser":12,"minecraft:interact_with_smithing_table":13,"minecraft:interact_with_anvil":64,"minecraft:inspect_hopper":47,"minecraft:sneak_time":282049,"minecraft:interact_with_blast_furnace":5,"minecraft:total_world_time":2001424,"minecraft:interact_with_stonecutter":5,"minecraft:time_since_rest":276,"minecraft:swim_one_cm":260619,"minecraft:fly_one_cm":6118783,"minecraft:open_chest":1285,"minecraft:fall_one_cm":947929,"minecraft:open_shulker_box":84,"minecraft:sprint_one_cm":6021674,"minecraft:drop":1353,"minecraft:talked_to_villager":1310,"minecraft:walk_on_water_one_cm":257929,"minecraft:open_enderchest":17,"minecraft:player_kills":4,"minecraft:crouch_one_cm":951850,"minecraft:mob_kills":838,"minecraft:climb_one_cm":6262,"minecraft:walk_one_cm":4895611,"minecraft:raid_win":5,"minecraft:walk_under_water_one_cm":294088,"minecraft:boat_one_cm":83210,"minecraft:raid_trigger":4,"minecraft:damage_taken":39510,"minecraft:damage_absorbed":217,"minecraft:aviate_one_cm":4356587},"minecraft:used":{"minecraft:dispenser":1,"minecraft:chest":186,"minecraft:stone":161,"minecraft:white_shulker_box":15,"minecraft:quartz_stairs":57,"minecraft:soul_sand":16,"minecraft:deepslate_brick_slab":94,"minecraft:lava_bucket":7,"minecraft:netherite_shovel":6,"minecraft:grass_block":12,"minecraft:quartz_block":126,"minecraft:bow":203,"minecraft:ominous_bottle":4,"minecraft:oak_sapling":10,"minecraft:furnace":40,"minecraft:egg":7,"minecraft:potato":5,"minecraft:dragon_head":3,"minecraft:deepslate_brick_wall":311,"minecraft:diorite":21,"minecraft:chorus_fruit":2,"minecraft:powered_rail":17,"minecraft:blackstone":31,"minecraft:wooden_pickaxe":6,"minecraft:composter":4,"minecraft:sand":5,"minecraft:blast_furnace":9,"minecraft:netherite_helmet":1,"minecraft:deepslate_brick_stairs":28,"minecraft:birch_fence":16,"minecraft:lectern":539,"minecraft:diamond_sword":679,"minecraft:smithing_table":12,"minecraft:white_stained_glass":441,"minecraft:birch_log":1,"minecraft:oak_boat":27,"minecraft:diorite_slab":28,"minecraft:oak_trapdoor":77,"minecraft:enchanting_table":2,"minecraft:netherrack":864,"minecraft:torch":5,"minecraft:anvil":4,"minecraft:ancient_debris":1,"minecraft:nether_quartz_ore":14,"minecraft:oak_fence_gate":1,"minecraft:chipped_anvil":5,"minecraft:iron_axe":274,"minecraft:totem_of_undying":7,"minecraft:barrel":2,"minecraft:smooth_basalt":6,"minecraft:glowstone":12,"minecraft:cobbled_deepslate":260,"minecraft:wheat_seeds":15,"minecraft:water_bucket":387,"minecraft:fletching_table":23,"minecraft:deepslate_bricks":730,"minecraft:polished_blackstone_bricks":71,"minecraft:rail":178,"minecraft:comparator":6,"minecraft:oak_slab":331,"minecraft:crafting_table":26,"minecraft:white_bed":21,"minecraft:oak_log":8,"minecraft:ender_eye":1,"minecraft:diamond_pickaxe":13969,"minecraft:diamond_shovel":12665,"minecraft:oak_button":2,"minecraft:iron_pickaxe":286,"minecraft:cobblestone":583,"minecraft:diamond_leggings":1,"minecraft:oak_sign":9,"minecraft:shield":71,"minecraft:iron_chestplate":1,"minecraft:jungle_planks":1,"minecraft:carrot":1004,"minecraft:tuff":33,"minecraft:obsidian":20,"minecraft:glass":1,"minecraft:coal_ore":19,"minecraft:lantern":9,"minecraft:stone_bricks":123,"minecraft:repeater":12,"minecraft:diamond_boots":1,"minecraft:stone_pickaxe":312,"minecraft:oak_planks":294,"minecraft:ender_pearl":47,"minecraft:diamond_axe":1941,"minecraft:sugar_cane":899,"minecraft:black_bed":13,"minecraft:end_stone":168,"minecraft:shears":2,"minecraft:redstone_torch":13,"minecraft:lever":14,"minecraft:firework_rocket":146,"minecraft:string":43,"minecraft:bread":6,"minecraft:deepslate":4,"minecraft:gravel":40,"minecraft:grindstone":4,"minecraft:andesite":18,"minecraft:bone_meal":69,"minecraft:experience_bottle":12,"minecraft:oak_fence":76,"minecraft:netherite_sword":1539,"minecraft:flint_and_steel":36,"minecraft:redstone":34,"minecraft:dirt":5989,"minecraft:hopper":38,"minecraft:diamond_helmet":1,"minecraft:shulker_box":6,"minecraft:granite":21,"minecraft:iron_hoe":419,"minecraft:stone_brick_slab":854,"minecraft:bookshelf":37,"minecraft:oak_stairs":5,"minecraft:iron_boots":2,"minecraft:golden_carrot":340,"minecraft:black_stained_glass":100,"minecraft:minecart":8,"minecraft:netherite_pickaxe":16191,"minecraft:cooked_beef":15,"minecraft:iron_leggings":3,"minecraft:cooked_mutton":5,"minecraft:black_shulker_box":41,"minecraft:stonecutter":2,"minecraft:cobblestone_slab":31,"minecraft:warped_planks":32,"minecraft:nether_gold_ore":8,"minecraft:piston":7,"minecraft:cracked_polished_blackstone_bricks":52,"minecraft:netherite_axe":986,"minecraft:stone_axe":72,"minecraft:white_banner":1,"minecraft:bucket":396,"minecraft:yellow_bed":18,"minecraft:pumpkin_pie":1,"minecraft:birch_stairs":49},"minecraft:crafted":{"minecraft:black_dye":47,"minecraft:smooth_stone":3,"minecraft:oak_sign":9,"minecraft:lever":12,"minecraft:diamond_shovel":6,"minecraft:bookshelf":31,"minecraft:cooked_mutton":5,"minecraft:shulker_box":6,"minecraft:deepslate_brick_stairs":28,"minecraft:glass":691,"minecraft:quartz_block":242,"minecraft:diamond_helmet":6,"minecraft:repeater":3,"minecraft:diamond_leggings":5,"minecraft:netherite_boots":2,"minecraft:stone_pressure_plate":1,"minecraft:black_wool":25,"minecraft:white_shulker_box":3,"minecraft:emerald":4696,"minecraft:diamond_axe":4,"minecraft:smithing_table":2,"minecraft:fletching_table":2,"minecraft:lectern":3,"minecraft:iron_pickaxe":2,"minecraft:iron_block":9,"minecraft:gold_ingot":542,"minecraft:netherite_ingot":10,"minecraft:composter":3,"minecraft:birch_stairs":12,"minecraft:golden_carrot":453,"minecraft:experience_bottle":12,"minecraft:bone_meal":213,"minecraft:lantern":49,"minecraft:netherite_axe":1,"minecraft:detector_rail":6,"minecraft:deepslate_brick_wall":44,"minecraft:stone_pickaxe":14,"minecraft:diamond_boots":6,"minecraft:chainmail_leggings":14,"minecraft:netherite_pickaxe":1,"minecraft:deepslate_brick_slab":32,"minecraft:glowstone":4,"minecraft:white_stained_glass":424,"minecraft:enchanted_book":62,"minecraft:oak_fence_gate":5,"minecraft:chainmail_boots":14,"minecraft:iron_leggings":6,"minecraft:white_bed":1,"minecraft:oak_planks":4460,"minecraft:cobblestone_slab":30,"minecraft:stone":436,"minecraft:suspicious_stew":6,"minecraft:warped_planks":32,"minecraft:cake":1,"minecraft:hopper":24,"minecraft:stone_brick_slab":420,"minecraft:bow":32,"minecraft:iron_boots":1,"minecraft:comparator":27,"minecraft:chest":182,"minecraft:netherite_helmet":2,"minecraft:oak_button":2,"minecraft:netherite_upgrade_smithing_template":16,"minecraft:rail":16,"minecraft:stone_bricks":824,"minecraft:oak_fence":75,"minecraft:quartz_stairs":20,"minecraft:oak_slab":348,"minecraft:arrow":64,"minecraft:crafting_table":12,"minecraft:wooden_pickaxe":1,"minecraft:birch_planks":1132,"minecraft:black_shulker_box":3,"minecraft:dispenser":1,"minecraft:apple":40,"minecraft:book":5,"minecraft:paper":192,"minecraft:diamond_pickaxe":6,"minecraft:emerald_block":278,"minecraft:shield":11,"minecraft:stick":6148,"minecraft:birch_fence":24,"minecraft:iron_ingot":509,"minecraft:black_bed":12,"minecraft:redstone_torch":110,"minecraft:deepslate_bricks":832,"minecraft:shears":1,"minecraft:cookie":144,"minecraft:netherite_sword":1,"minecraft:furnace":23,"minecraft:blast_furnace":1,"minecraft:piston":10,"minecraft:oak_trapdoor":74,"minecraft:flint_and_steel":2,"minecraft:netherite_chestplate":2,"minecraft:netherite_leggings":2,"minecraft:polished_deepslate":832,"minecraft:iron_axe":2,"minecraft:iron_hoe":3,"minecraft:netherite_scrap":39,"minecraft:minecart":8,"minecraft:cooked_beef":15,"minecraft:diamond_sword":2,"minecraft:powered_rail":120,"minecraft:bucket":11,"minecraft:stone_axe":2,"minecraft:air":0,"minecraft:black_stained_glass":112,"minecraft:oak_boat":8,"minecraft:gold_nugget":2975,"minecraft:white_dye":144,"minecraft:netherite_shovel":1,"minecraft:anvil":3,"minecraft:diorite_slab":54,"minecraft:torch":12,"minecraft:firework_rocket":153,"minecraft:diamond_chestplate":4}},"DataVersion":3955}