{"stats":{"minecraft:custom":{"minecraft:time_since_rest":11361,"minecraft:crouch_one_cm":25,"minecraft:sprint_one_cm":33460,"minecraft:play_time":11361,"minecraft:damage_taken":228,"minecraft:walk_one_cm":30539,"minecraft:sneak_time":56,"minecraft:walk_under_water_one_cm":137,"minecraft:drop":8,"minecraft:jump":190,"minecraft:damage_dealt":9,"minecraft:leave_game":1,"minecraft:walk_on_water_one_cm":618,"minecraft:time_since_death":11361,"minecraft:climb_one_cm":424,"minecraft:total_world_time":11361,"minecraft:swim_one_cm":384,"minecraft:interact_with_crafting_table":1,"minecraft:fall_one_cm":6137,"minecraft:fly_one_cm":30299},"minecraft:picked_up":{"minecraft:book":6,"minecraft:stick":54,"minecraft:apple":8,"minecraft:stone_axe":1,"minecraft:oak_log":124,"swem:oat_seeds":1,"minecraft:oak_sapling":53,"minecraft:birch_sapling":1,"minecraft:dirt":2},"minecraft:dropped":{"minecraft:stick":8},"minecraft:mined":{"minecraft:grass":1,"minecraft:grass_block":3,"minecraft:oak_log":1,"minecraft:dirt":1,"treechop:chopped_log":15,"minecraft:oak_leaves":4},"minecraft:used":{"minecraft:stone_axe":95,"minecraft:apple":3,"minecraft:oak_sapling":13}},"DataVersion":3465}