{"stats":{"minecraft:picked_up":{"minecraft:stick":4,"patchouli:guide_book":1,"minecraft:stone_pickaxe":1,"swem:alfalfa_seeds":1,"minecraft:oak_log":7,"minecraft:oak_sapling":3,"swem:oat_seeds":1,"minecraft:dirt":2,"alexsmobs:flying_fish":1,"minecraft:cobblestone":20},"minecraft:dropped":{"minecraft:dirt":1,"alexsmobs:animal_dictionary":1,"patchouli:guide_book":2,"minecraft:stick":2,"swem:oat_seeds":1,"minecraft:oak_sapling":3,"swem:alfalfa_seeds":1},"minecraft:mined":{"minecraft:grass":3,"minecraft:grass_block":1,"minecraft:oak_log":1,"minecraft:stone":21,"treechop:chopped_log":1},"minecraft:used":{"alexsmobs:flying_fish":1,"minecraft:cobblestone":4,"minecraft:dirt":1,"minecraft:stone_pickaxe":21,"jeg:repeating_shotgun":1,"alexsmobs:animal_dictionary":1},"minecraft:custom":{"minecraft:time_since_rest":15486,"minecraft:crouch_one_cm":1463,"minecraft:play_time":15486,"minecraft:sprint_one_cm":16322,"minecraft:damage_taken":165,"minecraft:walk_one_cm":21398,"minecraft:sneak_time":457,"minecraft:walk_under_water_one_cm":233,"minecraft:drop":11,"minecraft:jump":63,"minecraft:damage_dealt":71,"minecraft:walk_on_water_one_cm":232,"minecraft:time_since_death":15486,"minecraft:swim_one_cm":4720,"minecraft:total_world_time":15486,"minecraft:fall_one_cm":1372,"minecraft:fly_one_cm":6927}},"DataVersion":3465}