{"stats":{"minecraft:used":{"minecraft:beetroot":31,"minecraft:netherite_sword":39,"minecraft:black_shulker_box":3,"minecraft:white_shulker_box":1,"minecraft:sugar_cane":11,"minecraft:netherrack":17,"minecraft:dirt":115,"minecraft:white_bed":1,"minecraft:obsidian":15,"minecraft:stone_brick_slab":10,"minecraft:diamond_pickaxe":63,"minecraft:firework_rocket":10,"minecraft:diamond_shovel":1200,"minecraft:netherite_axe":268,"minecraft:totem_of_undying":1,"minecraft:cobblestone":63,"minecraft:golden_carrot":15,"minecraft:soul_soil":6,"minecraft:beetroot_seeds":38,"minecraft:netherite_pickaxe":578,"minecraft:bone_meal":2,"minecraft:cobbled_deepslate":37},"minecraft:mined":{"minecraft:black_shulker_box":3,"minecraft:smithing_table":1,"minecraft:oak_slab":61,"minecraft:tuff":20,"minecraft:deepslate_diamond_ore":83,"minecraft:soul_fire":4,"minecraft:stone_brick_slab":20,"minecraft:obsidian":15,"minecraft:crafting_table":1,"minecraft:granite":10,"minecraft:short_grass":14,"minecraft:blast_furnace":1,"minecraft:grass_block":609,"minecraft:chest":2,"minecraft:soul_soil":8,"minecraft:cobblestone":14,"minecraft:sugar_cane":21,"minecraft:oak_planks":173,"minecraft:diorite":6,"minecraft:oak_trapdoor":9,"minecraft:fire":1,"minecraft:andesite":23,"minecraft:fletching_table":2,"minecraft:coal_ore":22,"minecraft:dirt_path":1,"minecraft:gravel":11,"minecraft:dirt":567,"minecraft:white_shulker_box":1,"minecraft:stone":307,"minecraft:stone_bricks":2,"minecraft:netherrack":25,"minecraft:deepslate":81,"minecraft:oak_leaves":1,"minecraft:birch_fence":14,"minecraft:fern":1},"minecraft:picked_up":{"minecraft:crafting_table":1,"minecraft:golden_carrot":13,"minecraft:andesite":46,"minecraft:smithing_table":1,"minecraft:flint":21,"minecraft:tuff":52,"minecraft:gunpowder":3,"minecraft:string":8,"minecraft:dirt":627,"minecraft:oak_trapdoor":8,"minecraft:soul_soil":10,"minecraft:birch_fence":14,"minecraft:beetroot":31,"minecraft:stone_bricks":2,"minecraft:wheat_seeds":3,"minecraft:black_shulker_box":3,"minecraft:cobbled_deepslate":272,"minecraft:fletching_table":2,"minecraft:sugar_cane":43,"minecraft:chest":2,"minecraft:oak_planks":212,"minecraft:stick":40,"minecraft:oak_slab":61,"minecraft:stone":85,"minecraft:stone_brick_slab":22,"minecraft:torch":2,"minecraft:gravel":10,"minecraft:blast_furnace":1,"minecraft:diorite":12,"minecraft:spider_eye":10,"minecraft:arrow":2,"minecraft:rotten_flesh":8,"minecraft:diamond":203,"minecraft:beetroot_seeds":104,"minecraft:bone_meal":2,"minecraft:granite":12,"minecraft:white_shulker_box":1,"minecraft:obsidian":15,"minecraft:netherrack":21,"minecraft:coal":85,"minecraft:cobblestone":418},"minecraft:dropped":{"minecraft:gravel":10,"minecraft:oak_slab":61,"minecraft:sugar_cane":2,"minecraft:soul_soil":4,"minecraft:wheat_seeds":3,"minecraft:diamond_axe":1,"minecraft:cobbled_deepslate":235,"minecraft:diamond":23,"minecraft:smithing_table":1,"minecraft:crafting_table":1,"minecraft:tuff":52,"minecraft:diamond_leggings":2,"minecraft:rotten_flesh":8,"minecraft:cobblestone":355,"minecraft:oak_planks":42,"minecraft:diamond_shovel":1,"minecraft:granite":12,"minecraft:fletching_table":2,"minecraft:blast_furnace":1,"minecraft:flint":21,"minecraft:dirt":571,"minecraft:stone":85,"minecraft:birch_fence":14,"minecraft:diorite":12,"minecraft:golden_carrot":55,"minecraft:diamond_chestplate":2,"minecraft:torch":2,"minecraft:diamond_pickaxe":2,"minecraft:beetroot_seeds":66,"minecraft:andesite":46,"minecraft:diamond_helmet":1,"minecraft:chest":2,"minecraft:spider_eye":10,"minecraft:stone_bricks":2,"minecraft:diamond_boots":1,"minecraft:arrow":2,"minecraft:string":8,"minecraft:netherrack":4,"minecraft:stone_brick_slab":12},"minecraft:custom":{"minecraft:interact_with_furnace":2,"minecraft:mob_kills":8,"minecraft:interact_with_crafting_table":7,"minecraft:open_shulker_box":8,"minecraft:leave_game":6,"minecraft:time_since_death":70852,"minecraft:sleep_in_bed":4,"minecraft:climb_one_cm":4466,"minecraft:time_since_rest":19071,"minecraft:open_enderchest":8,"minecraft:sprint_one_cm":182577,"minecraft:damage_taken":1201,"minecraft:walk_one_cm":197357,"minecraft:drop":562,"minecraft:damage_dealt":2956,"minecraft:talked_to_villager":1,"minecraft:swim_one_cm":9660,"minecraft:fly_one_cm":245379,"minecraft:player_kills":1,"minecraft:open_chest":99,"minecraft:crouch_one_cm":47839,"minecraft:play_time":70852,"minecraft:sneak_time":10266,"minecraft:walk_under_water_one_cm":4636,"minecraft:aviate_one_cm":475192,"minecraft:jump":1605,"minecraft:interact_with_blast_furnace":1,"minecraft:walk_on_water_one_cm":8641,"minecraft:total_world_time":70852,"minecraft:fall_one_cm":46650},"minecraft:crafted":{"minecraft:diamond_axe":1,"minecraft:diamond_pickaxe":1,"minecraft:diamond_leggings":1,"minecraft:diamond_helmet":1,"minecraft:white_wool":3,"minecraft:paper":30,"minecraft:emerald_block":9,"minecraft:diamond_boots":1,"minecraft:white_bed":1,"minecraft:diamond_chestplate":1,"minecraft:firework_rocket":3},"minecraft:killed":{"minecraft:spider":2,"minecraft:creeper":1,"minecraft:skeleton":1,"minecraft:zombie":3}},"DataVersion":3955}