{"stats":{"minecraft:custom":{"minecraft:time_since_rest":13345,"minecraft:sprint_one_cm":9398,"minecraft:damage_taken":870,"minecraft:walk_one_cm":31107,"minecraft:damage_absorbed":318,"minecraft:mob_kills":30,"minecraft:damage_dealt":20242,"minecraft:fly_one_cm":56649,"minecraft:crouch_one_cm":56,"minecraft:play_time":16494,"tombstone:undead_killed":16,"minecraft:deaths":1,"minecraft:sneak_time":160,"minecraft:jump":60,"minecraft:time_since_death":14678,"minecraft:total_world_time":16494,"minecraft:damage_resisted":99,"minecraft:fall_one_cm":902},"minecraft:killed":{"minecraft:skeleton":2,"minecraft:zombified_piglin":1,"stalwart_dungeons:giddy_blaze":6,"soulsweapons:evil_forlorn":1,"minecraft:wither_skeleton":12,"soulsweapons:accursed_lord_boss":1,"minecraft:blaze":7},"minecraft:picked_up":{"minecraft:basalt":4,"iceandfire:witherbone":7,"minecraft:nether_brick":6,"soulsweapons:withered_demon_heart":1,"tombstone:grave_dust":3,"scalinghealth:heart_crystal":1,"soulsweapons:darkin_blade":1,"soulsweapons:lord_soul_red":1,"minecraft:stone_sword":1,"minecraft:arrow":3,"minecraft:bone":15,"born_in_chaos_v1:sweet_sword":1,"minecraft:gold_nugget":1,"minecraft:cobbled_deepslate":7,"scalinghealth:power_crystal_shard":3,"tombstone:bag_of_seeds":2,"born_in_chaos_v1:caramel_pepper":1,"minecraft:blaze_rod":6,"minecraft:coal":4,"born_in_chaos_v1:gummy_vampire_teeth":2},"minecraft:mined":{"minecraft:fire":2,"minecraft:cobbled_deepslate":7,"minecraft:basalt":4},"minecraft:killed_by":{"minecraft:zombie":1},"minecraft:used":{"minecraft:flint_and_steel":1,"twilightforest:glass_sword":66,"majruszsdifficulty:enderium_pickaxe":7,"minecraft:blaze_spawn_egg":5,"scalinghealth:heart_crystal":67,"minecraft:netherite_pickaxe":4,"scalinghealth:cursed_heart":29,"minecraft:cobbled_deepslate":19,"minecraft:splash_potion":17,"minecraft:enchanted_golden_apple":2,"enchantinginfuser:advanced_enchanting_infuser":1,"minecraft:obsidian":13}},"DataVersion":3465}