{"stats":{"minecraft:used":{"minecraft:oak_planks":261,"minecraft:stone_pickaxe":132,"minecraft:chest":3,"minecraft:wooden_pickaxe":3,"vanillaplustools:stone_hammer":21,"minecraft:cobblestone_slab":78,"minecraft:stone_hoe":24,"minecraft:torch":6,"minecraft:dirt":15,"minecraft:crafting_table":2,"iceandfire:dragonbone_sword_lightning":3,"minecraft:smoker":1,"minecraft:bread":6,"iceandfire:dragonsteel_fire_sword":33,"iceandfire:dragonsteel_ice_sword":3,"minecraft:stone_axe":53,"minecraft:cobblestone":4,"minecraft:oak_sapling":4,"minecraft:cooked_porkchop":3},"minecraft:dropped":{"minecraft:stone_axe":1},"minecraft:killed":{"minecraft:pig":2,"minecraft:zombie":1},"minecraft:crafted":{"minecraft:oak_planks":8,"minecraft:cobblestone_slab":102,"vanillaplustools:stone_hammer":1,"minecraft:cooked_porkchop":5,"minecraft:crafting_table":1,"minecraft:wooden_pickaxe":1,"minecraft:stone_axe":2,"minecraft:bread":21,"minecraft:air":0,"minecraft:stick":16,"minecraft:stone_pickaxe":13,"minecraft:chest":2,"minecraft:torch":80,"minecraft:stone_hoe":1,"minecraft:wheat":216},"minecraft:broken":{"minecraft:stone_pickaxe":1},"minecraft:picked_up":{"swem:timothy_seeds":3,"minecraft:crafting_table":1,"minecraft:smoker":1,"minecraft:oak_log":183,"skilltree:gem":6,"minecraft:dirt":40,"minecraft:paper":2,"minecraft:compass":1,"minecraft:apple":3,"minecraft:wheat_seeds":1,"minecraft:cobblestone_slab":8,"minecraft:birch_sapling":1,"swem:oat_seeds":2,"minecraft:sugar_cane":7,"minecraft:chest":1,"minecraft:oak_planks":10,"minecraft:book":6,"minecraft:stick":14,"minecraft:porkchop":5,"minecraft:rotten_flesh":1,"minecraft:hay_block":24,"minecraft:bread":2,"minecraft:oak_sapling":28,"minecraft:coal":40,"minecraft:cobblestone":204,"iceandfire:raw_silver":4},"minecraft:mined":{"minecraft:oak_sapling":2,"iceandfire:silver_ore":4,"minecraft:smoker":1,"minecraft:crafting_table":1,"minecraft:chest":1,"minecraft:tall_grass":3,"minecraft:sugar_cane":3,"minecraft:oak_planks":10,"minecraft:hay_block":24,"treechop:chopped_log":5,"minecraft:grass":5,"minecraft:bookshelf":4,"minecraft:coal_ore":40,"minecraft:cobblestone_slab":8,"minecraft:dirt":5,"minecraft:stone":212,"minecraft:oak_leaves":1},"minecraft:custom":{"minecraft:mob_kills":3,"minecraft:interact_with_crafting_table":16,"minecraft:damage_dealt_resisted":32,"minecraft:leave_game":2,"minecraft:time_since_death":38298,"minecraft:climb_one_cm":176,"minecraft:time_since_rest":37970,"minecraft:sprint_one_cm":69882,"minecraft:damage_taken":929,"minecraft:walk_one_cm":72573,"minecraft:drop":1,"minecraft:damage_dealt":6203,"minecraft:swim_one_cm":20844,"minecraft:fly_one_cm":74367,"minecraft:open_chest":10,"minecraft:crouch_one_cm":19011,"minecraft:play_time":40191,"tombstone:undead_killed":1,"minecraft:deaths":1,"minecraft:sneak_time":5083,"minecraft:walk_under_water_one_cm":5357,"minecraft:jump":630,"minecraft:walk_on_water_one_cm":5182,"minecraft:interact_with_smoker":2,"minecraft:total_world_time":40191,"minecraft:fall_one_cm":9708}},"DataVersion":3465}