{"stats":{"minecraft:broken":{"twilightforest:glass_sword":3},"minecraft:killed":{"minecraft:magma_cube":3,"born_in_chaos_v1:mr_pumpkin":4,"minecraft:pig":1,"born_in_chaos_v1:baby_skeleton":1,"born_in_chaos_v1:swarmer":1,"minecraft:spider":12,"alexsmobs:stradpole":1,"minecraft:strider":2,"minecraft:zombie_horse":1,"minecraft:creeper":5,"born_in_chaos_v1:scarlet_persecutor":2,"born_in_chaos_v1:maggot":8,"born_in_chaos_v1:decrepit_skeleton":4,"minecraft:skeleton":9,"born_in_chaos_v1:dire_hound_leader":2,"born_in_chaos_v1:decaying_zombie":3,"minecraft:zombie":36,"born_in_chaos_v1:dread_hound":10,"born_in_chaos_v1:corpse_fly":8,"minecraft:chicken":1,"stalwart_dungeons:nether_wart_cocoon":1,"born_in_chaos_v1:dark_vortex":1,"born_in_chaos_v1:skeleton_thrasher":1,"alexsmobs:straddler":1,"minecraft:warden":1,"born_in_chaos_v1:sir_pumpkinhead":1,"minecraft:enderman":1,"mowziesmobs:naga":3},"minecraft:used":{"iceandfire:dragonsteel_lightning_pickaxe":26,"minecraft:flint_and_steel":2,"minecraft:ender_pearl":1,"twilightforest:glass_sword":182,"minecraft:rotten_flesh":5,"minecraft:dirt":18,"scalinghealth:heart_crystal":4,"enchantinginfuser:advanced_enchanting_infuser":1,"minecraft:obsidian":15,"iceandfire:dragonsteel_lightning_axe":9,"minecraft:warden_spawn_egg":1,"minecraft:bookshelf":82,"tombstone:magic_scroll":7,"born_in_chaos_v1:caramel_pepper":1,"minecraft:cobblestone":15,"majruszsdifficulty:warden_treasure_bag":1,"swem:bow_amethyst":48,"minecraft:cooked_beef":2,"minecraft:enchanted_golden_apple":16},"minecraft:custom":{"minecraft:mob_kills":129,"minecraft:damage_dealt_resisted":4864,"minecraft:time_since_death":4056,"minecraft:damage_resisted":987,"minecraft:time_since_rest":3853,"minecraft:sprint_one_cm":45356,"minecraft:walk_one_cm":85707,"minecraft:damage_taken":3680,"minecraft:damage_absorbed":1839,"minecraft:drop":2,"minecraft:damage_dealt":44798,"minecraft:swim_one_cm":1067,"minecraft:fly_one_cm":140394,"minecraft:crouch_one_cm":3331,"minecraft:play_time":41000,"tombstone:undead_killed":56,"minecraft:deaths":2,"minecraft:sneak_time":1892,"minecraft:walk_under_water_one_cm":2265,"minecraft:jump":484,"minecraft:walk_on_water_one_cm":85,"minecraft:enchant_item":4,"minecraft:total_world_time":41000,"minecraft:fall_one_cm":20174},"minecraft:picked_up":{"minecraft:birch_log":1,"born_in_chaos_v1:corpse_maggot":3,"swem:timothy_seeds":3,"minecraft:iron_chestplate":1,"born_in_chaos_v1:monster_flesh":5,"minecraft:creeper_head":2,"minecraft:nether_brick":1,"minecraft:oak_log":2,"minecraft:gunpowder":5,"scalinghealth:heart_crystal":6,"born_in_chaos_v1:holiday_candy":1,"minecraft:dirt":185,"minecraft:string":13,"tombstone:gift":1,"minecraft:raw_copper":5,"jeg:grenade":1,"minecraft:flint_and_steel":1,"born_in_chaos_v1:monster_skin":3,"minecraft:iron_leggings":1,"minecraft:bone":6,"minecraft:apple":1,"deeperdarker:warden_carapace":3,"travelersbackpack:horse":1,"majruszsdifficulty:warden_treasure_bag":1,"scalinghealth:power_crystal_shard":2,"born_in_chaos_v1:gnawed_bones":4,"born_in_chaos_v1:caramel_pepper":2,"swem:oat_seeds":4,"born_in_chaos_v1:mint_candy":1,"minecraft:sculk_catalyst":1,"minecraft:stick":3,"deeperdarker:heart_of_the_deep":1,"minecraft:carrot":1,"swem:shield_amethyst":1,"born_in_chaos_v1:fangofthe_hound_leader":2,"tombstone:grave_dust":6,"minecraft:grass_block":1,"minecraft:spider_eye":2,"mowziesmobs:naga_fang":1,"swem:boots_riding_amethyst":1,"minecraft:arrow":17,"minecraft:rotten_flesh":32,"swem:alfalfa_seeds":6,"born_in_chaos_v1:rotten_infernal_pumpkin":1,"tombstone:essence_of_undeath":1,"alexsmobs:maggot":1,"tombstone:magic_scroll":2,"minecraft:oak_sapling":6,"minecraft:cobblestone":64,"minecraft:ender_pearl":3},"minecraft:mined":{"minecraft:basalt":8,"minecraft:obsidian":1,"minecraft:grass_block":10,"minecraft:fire":2,"minecraft:grass":8,"minecraft:bookshelf":1,"minecraft:sunflower":2,"minecraft:netherrack":5},"minecraft:dropped":{"swem:boots_riding_amethyst":1,"swem:shield_amethyst":1}},"DataVersion":3465}