{"stats":{"minecraft:custom":{"minecraft:time_since_rest":25345,"minecraft:sprint_one_cm":14717,"minecraft:damage_taken":1627,"minecraft:walk_one_cm":59582,"minecraft:damage_absorbed":713,"minecraft:mob_kills":51,"minecraft:drop":1,"minecraft:damage_dealt":42951,"minecraft:fly_one_cm":91606,"minecraft:open_chest":1,"minecraft:crouch_one_cm":3686,"minecraft:play_time":28494,"tombstone:undead_killed":17,"minecraft:deaths":1,"minecraft:sneak_time":1445,"minecraft:damage_dealt_resisted":1214,"minecraft:jump":197,"minecraft:climb_one_cm":252,"minecraft:time_since_death":26678,"minecraft:total_world_time":28494,"minecraft:damage_resisted":388,"minecraft:fall_one_cm":11829},"minecraft:killed":{"minecraft:skeleton":2,"minecraft:zombified_piglin":1,"soulsweapons:withered_demon":1,"bosses_of_mass_destruction:gauntlet":1,"stalwart_dungeons:giddy_blaze":6,"soulsweapons:evil_forlorn":2,"minecraft:wither_skeleton":12,"born_in_chaos_v1:firelight":11,"alexsmobs:crimson_mosquito":7,"soulsweapons:accursed_lord_boss":1,"minecraft:blaze":7},"minecraft:picked_up":{"minecraft:basalt":4,"iceandfire:witherbone":7,"minecraft:polished_blackstone_bricks":9,"minecraft:nether_brick":6,"soulsweapons:withered_demon_heart":1,"tombstone:grave_dust":3,"soulsweapons:forlorn_scythe":1,"scalinghealth:heart_crystal":2,"alexsmobs:mosquito_proboscis":1,"soulsweapons:demon_heart":1,"soulsweapons:darkin_blade":1,"soulsweapons:lord_soul_red":1,"minecraft:stone_sword":1,"minecraft:arrow":3,"minecraft:bone":15,"born_in_chaos_v1:fire_dust":3,"born_in_chaos_v1:sweet_sword":1,"alexsmobs:blood_sac":3,"minecraft:gold_nugget":1,"minecraft:cobbled_deepslate":10,"scalinghealth:power_crystal_shard":3,"tombstone:bag_of_seeds":2,"minecraft:crimson_roots":3,"born_in_chaos_v1:caramel_pepper":1,"minecraft:blaze_rod":6,"minecraft:coal":4,"born_in_chaos_v1:gummy_vampire_teeth":2},"minecraft:mined":{"minecraft:weeping_vines_plant":1,"minecraft:fire":5,"minecraft:cobbled_deepslate":9,"minecraft:basalt":4,"minecraft:crimson_roots":3,"minecraft:weeping_vines":1},"minecraft:killed_by":{"minecraft:zombie":1},"minecraft:dropped":{"minecraft:cobbled_deepslate":1},"minecraft:used":{"minecraft:golden_boots":5,"soulsweapons:demon_heart":1,"scalinghealth:enchanted_heart":2,"minecraft:flint_and_steel":1,"twilightforest:glass_sword":160,"minecraft:crimson_roots":3,"majruszsdifficulty:enderium_pickaxe":9,"minecraft:polished_blackstone_bricks":3,"minecraft:blaze_spawn_egg":5,"scalinghealth:heart_crystal":70,"iceandfire:dragonsteel_lightning_boots":4,"minecraft:netherite_pickaxe":4,"scalinghealth:cursed_heart":36,"minecraft:cobbled_deepslate":92,"minecraft:splash_potion":17,"minecraft:enchanted_golden_apple":5,"enchantinginfuser:advanced_enchanting_infuser":1,"minecraft:obsidian":13}},"DataVersion":3465}