{"stats":{"minecraft:custom":{"minecraft:time_since_rest":9964,"minecraft:sprint_one_cm":28007,"minecraft:damage_taken":415,"minecraft:walk_one_cm":26338,"minecraft:mob_kills":3,"minecraft:drop":1,"minecraft:damage_dealt":6172,"minecraft:swim_one_cm":1256,"minecraft:interact_with_crafting_table":6,"minecraft:fly_one_cm":17731,"minecraft:open_chest":1,"minecraft:play_time":12185,"tombstone:undead_killed":1,"minecraft:deaths":1,"minecraft:walk_under_water_one_cm":295,"minecraft:sneak_time":16,"minecraft:jump":127,"minecraft:leave_game":1,"minecraft:walk_on_water_one_cm":93,"minecraft:time_since_death":10292,"minecraft:climb_one_cm":176,"minecraft:total_world_time":12185,"minecraft:fall_one_cm":2227},"minecraft:killed":{"minecraft:zombie":1,"minecraft:pig":2},"minecraft:picked_up":{"minecraft:book":6,"minecraft:stick":10,"minecraft:crafting_table":1,"minecraft:smoker":1,"minecraft:porkchop":5,"minecraft:oak_log":8,"minecraft:paper":2,"skilltree:gem":6,"minecraft:dirt":38,"minecraft:compass":1,"minecraft:rotten_flesh":1,"minecraft:apple":2,"minecraft:hay_block":24,"minecraft:bread":2,"minecraft:oak_sapling":13,"swem:oat_seeds":1,"minecraft:sugar_cane":4,"minecraft:chest":1,"minecraft:coal":28,"minecraft:cobblestone":20},"minecraft:dropped":{"minecraft:stone_axe":1},"minecraft:mined":{"minecraft:hay_block":24,"minecraft:oak_sapling":1,"minecraft:smoker":1,"minecraft:crafting_table":1,"minecraft:grass":3,"minecraft:bookshelf":4,"minecraft:coal_ore":28,"minecraft:chest":1,"minecraft:stone":20,"minecraft:sugar_cane":2},"minecraft:used":{"minecraft:stone_pickaxe":46,"minecraft:wooden_pickaxe":3,"iceandfire:dragonsteel_fire_sword":33,"iceandfire:dragonsteel_ice_sword":3,"minecraft:stone_hoe":24,"minecraft:stone_axe":11,"minecraft:crafting_table":1,"minecraft:oak_sapling":3,"iceandfire:dragonbone_sword_lightning":3},"minecraft:crafted":{"minecraft:oak_planks":8,"minecraft:crafting_table":1,"minecraft:stick":16,"minecraft:wooden_pickaxe":1,"minecraft:stone_pickaxe":1,"minecraft:stone_hoe":1,"minecraft:stone_axe":2}},"DataVersion":3465}