{"stats":{"minecraft:broken":{"twilightforest:glass_sword":3,"iceandfire:dragonsteel_lightning_helmet":1},"minecraft:killed":{"minecraft:magma_cube":3,"born_in_chaos_v1:mr_pumpkin":4,"minecraft:pig":1,"born_in_chaos_v1:baby_skeleton":1,"born_in_chaos_v1:swarmer":1,"minecraft:spider":12,"alexsmobs:enderiophage":12,"alexsmobs:stradpole":1,"minecraft:strider":2,"minecraft:zombie_horse":1,"minecraft:creeper":5,"born_in_chaos_v1:scarlet_persecutor":9,"born_in_chaos_v1:maggot":8,"born_in_chaos_v1:decrepit_skeleton":4,"born_in_chaos_v1:baby_spider":1,"minecraft:skeleton":9,"born_in_chaos_v1:dire_hound_leader":2,"born_in_chaos_v1:decaying_zombie":3,"minecraft:zombie":36,"born_in_chaos_v1:dread_hound":10,"bosses_of_mass_destruction:gauntlet":1,"born_in_chaos_v1:corpse_fly":8,"minecraft:chicken":1,"stalwart_dungeons:nether_wart_cocoon":1,"born_in_chaos_v1:dark_vortex":1,"soulsweapons:evil_forlorn":1,"born_in_chaos_v1:skeleton_thrasher":1,"alexsmobs:straddler":1,"minecraft:warden":1,"minecraft:wither_skeleton":1,"born_in_chaos_v1:sir_pumpkinhead":1,"minecraft:enderman":1,"mowziesmobs:naga":3},"minecraft:used":{"iceandfire:dragonsteel_lightning_pickaxe":39,"minecraft:flint_and_steel":2,"minecraft:ender_pearl":6,"twilightforest:glass_sword":284,"minecraft:rotten_flesh":5,"minecraft:dirt":37,"scalinghealth:heart_crystal":230,"scalinghealth:cursed_heart":26,"enchantinginfuser:advanced_enchanting_infuser":1,"minecraft:obsidian":15,"iceandfire:dragonsteel_lightning_axe":10,"minecraft:warden_spawn_egg":1,"minecraft:bookshelf":82,"tombstone:magic_scroll":7,"born_in_chaos_v1:caramel_pepper":1,"minecraft:totem_of_undying":10,"minecraft:cobblestone":15,"majruszsdifficulty:warden_treasure_bag":1,"swem:bow_amethyst":72,"minecraft:cooked_beef":2,"minecraft:enchanted_golden_apple":71},"minecraft:custom":{"minecraft:mob_kills":154,"minecraft:damage_dealt_resisted":4864,"minecraft:time_since_death":16081,"minecraft:damage_resisted":5004,"minecraft:time_since_rest":15295,"minecraft:sprint_one_cm":62302,"minecraft:walk_one_cm":117709,"minecraft:damage_taken":18268,"minecraft:damage_absorbed":5564,"minecraft:drop":2,"minecraft:damage_dealt":83418,"minecraft:swim_one_cm":1067,"minecraft:fly_one_cm":222592,"minecraft:open_chest":1,"minecraft:crouch_one_cm":4214,"minecraft:play_time":65000,"tombstone:undead_killed":57,"minecraft:deaths":5,"minecraft:sneak_time":2818,"minecraft:walk_under_water_one_cm":2265,"minecraft:jump":711,"minecraft:walk_on_water_one_cm":85,"minecraft:enchant_item":4,"minecraft:total_world_time":65000,"minecraft:fall_one_cm":31771},"minecraft:picked_up":{"minecraft:birch_log":1,"born_in_chaos_v1:corpse_maggot":3,"swem:timothy_seeds":3,"minecraft:iron_chestplate":1,"iceandfire:witherbone":1,"born_in_chaos_v1:monster_flesh":5,"minecraft:creeper_head":2,"minecraft:nether_brick":1,"minecraft:oak_log":2,"minecraft:gunpowder":5,"scalinghealth:heart_crystal":6,"born_in_chaos_v1:holiday_candy":1,"minecraft:dirt":185,"minecraft:string":13,"tombstone:gift":1,"minecraft:raw_copper":5,"jeg:grenade":1,"minecraft:flint_and_steel":1,"born_in_chaos_v1:monster_skin":3,"minecraft:iron_leggings":1,"minecraft:bone":6,"minecraft:blackstone":4,"minecraft:apple":1,"deeperdarker:warden_carapace":3,"travelersbackpack:horse":1,"majruszsdifficulty:warden_treasure_bag":1,"scalinghealth:chance_heart":1,"scalinghealth:power_crystal_shard":2,"born_in_chaos_v1:gnawed_bones":4,"born_in_chaos_v1:caramel_pepper":2,"swem:oat_seeds":4,"born_in_chaos_v1:mint_candy":1,"minecraft:sculk_catalyst":1,"minecraft:stick":3,"born_in_chaos_v1:ethereal_spirit":6,"deeperdarker:heart_of_the_deep":1,"minecraft:polished_blackstone_bricks":22,"minecraft:carrot":1,"swem:shield_amethyst":1,"born_in_chaos_v1:fangofthe_hound_leader":2,"tombstone:grave_dust":6,"minecraft:grass_block":1,"minecraft:spider_eye":2,"mowziesmobs:naga_fang":1,"swem:boots_riding_amethyst":1,"minecraft:arrow":17,"minecraft:rotten_flesh":32,"alexsmobs:capsid":1,"minecraft:cracked_polished_blackstone_bricks":2,"swem:alfalfa_seeds":6,"born_in_chaos_v1:rotten_infernal_pumpkin":1,"tombstone:essence_of_undeath":1,"alexsmobs:maggot":1,"tombstone:magic_scroll":2,"minecraft:oak_sapling":6,"minecraft:cobblestone":64,"minecraft:ender_pearl":3},"minecraft:mined":{"minecraft:basalt":9,"minecraft:obsidian":1,"minecraft:grass_block":10,"minecraft:fire":2,"minecraft:grass":8,"minecraft:bookshelf":1,"minecraft:sunflower":2,"bosses_of_mass_destruction:gauntlet_blackstone":1,"minecraft:netherrack":13},"minecraft:dropped":{"swem:boots_riding_amethyst":1,"swem:shield_amethyst":1}},"DataVersion":3465}