{"stats":{"minecraft:crafted":{"minecraft:crafting_table":1,"minecraft:stick":40,"minecraft:wooden_pickaxe":1,"minecraft:stone_pickaxe":2,"minecraft:stone_axe":2},"minecraft:picked_up":{"minecraft:stick":13,"minecraft:crafting_table":1,"patchouli:guide_book":1,"minecraft:oak_log":41,"alexsmobs:animal_dictionary":1,"skilltree:gem":1,"minecraft:dirt":1,"minecraft:apple":2,"swem:alfalfa_seeds":1,"minecraft:oak_sapling":26,"swem:oat_seeds":1,"minecraft:coal":13,"minecraft:cobblestone":43},"minecraft:dropped":{"minecraft:stone_pickaxe":1},"minecraft:mined":{"treechop:chopped_log":8,"minecraft:crafting_table":1,"minecraft:grass":2,"minecraft:coal_ore":13,"minecraft:cobblestone":2,"minecraft:stone":40,"minecraft:oak_leaves":2},"minecraft:used":{"minecraft:stone_pickaxe":52,"minecraft:wooden_pickaxe":3,"minecraft:stone_axe":43,"minecraft:diamond_chestplate":1,"minecraft:cobblestone":4,"minecraft:crafting_table":1},"minecraft:custom":{"minecraft:time_since_rest":17349,"minecraft:sprint_one_cm":16023,"minecraft:damage_taken":10,"minecraft:walk_one_cm":24659,"minecraft:drop":1,"minecraft:damage_dealt":49,"minecraft:interact_with_crafting_table":6,"minecraft:swim_one_cm":15759,"minecraft:fly_one_cm":13729,"minecraft:crouch_one_cm":55,"minecraft:play_time":17349,"minecraft:sneak_time":50,"minecraft:walk_under_water_one_cm":1467,"minecraft:jump":77,"minecraft:walk_on_water_one_cm":3919,"minecraft:time_since_death":17349,"minecraft:total_world_time":17349,"minecraft:fall_one_cm":1183}},"DataVersion":3465}