{"stats":{"minecraft:used":{"minecraft:flint_and_steel":9,"minecraft:netherite_axe":57,"minecraft:dirt":61,"minecraft:cobblestone":1,"minecraft:netherite_pickaxe":40,"tombstone:gift":4,"minecraft:enchanted_golden_apple":7,"minecraft:obsidian":20},"minecraft:dropped":{"iceandfire:dragonsteel_ice_boots":1,"swem:timothy_seeds":1,"iceandfire:dragonsteel_ice_leggings":1,"iceandfire:dragonsteel_ice_chestplate":1,"iceandfire:dragonsteel_ice_helmet":1},"minecraft:custom":{"minecraft:time_since_rest":12767,"minecraft:damage_absorbed":454,"minecraft:sprint_one_cm":16695,"minecraft:damage_taken":960,"minecraft:walk_one_cm":35005,"minecraft:mob_kills":18,"minecraft:drop":5,"minecraft:damage_dealt":3281,"minecraft:fly_one_cm":55591,"minecraft:crouch_one_cm":424,"minecraft:play_time":16146,"tombstone:undead_killed":10,"minecraft:deaths":1,"minecraft:sneak_time":689,"minecraft:walk_under_water_one_cm":2056,"minecraft:jump":215,"minecraft:damage_dealt_resisted":776,"minecraft:time_since_death":15135,"minecraft:walk_on_water_one_cm":2701,"minecraft:total_world_time":16146,"minecraft:damage_resisted":191,"minecraft:fall_one_cm":7693},"minecraft:picked_up":{"iceandfire:dragonsteel_ice_boots":1,"swem:timothy_seeds":1,"minecraft:clay_ball":4,"iceandfire:dragonsteel_ice_helmet":1,"born_in_chaos_v1:ethereal_spirit":1,"soulsweapons:moonstone":1,"iceandfire:dragonsteel_ice_leggings":1,"born_in_chaos_v1:dark_rod":2,"iceandfire:dragonsteel_ice_chestplate":1,"tombstone:grave_dust":2,"scalinghealth:heart_crystal":1,"minecraft:spider_eye":1,"minecraft:string":1,"skilltree:gem":1,"minecraft:dirt":101,"minecraft:bone":1,"minecraft:rotten_flesh":6,"minecraft:diamond":2,"swem:alfalfa_seeds":2,"scalinghealth:power_crystal_shard":2,"born_in_chaos_v1:caramel_pepper":1,"tombstone:magic_scroll":1,"minecraft:cobblestone":46},"minecraft:killed_by":{"minecraft:zombie":1},"minecraft:killed":{"minecraft:skeleton":1,"born_in_chaos_v1:mr_pumpkin":1,"minecraft:zombie":9,"alexsmobs:cockroach":1,"born_in_chaos_v1:dark_vortex":1,"minecraft:spider":2,"born_in_chaos_v1:maggot":1},"minecraft:mined":{"minecraft:deepslate_redstone_ore":1,"minecraft:deepslate_diamond_ore":2,"minecraft:fire":1,"minecraft:clay":1,"minecraft:grass":3,"soulsweapons:moonstone_ore_deepslate":1,"minecraft:cobblestone":1,"minecraft:stone":34}},"DataVersion":3465}