{"stats":{"minecraft:custom":{"minecraft:mob_kills":58,"minecraft:damage_dealt_resisted":2248,"minecraft:time_since_death":4396,"minecraft:climb_one_cm":252,"minecraft:damage_resisted":611,"minecraft:time_since_rest":4034,"minecraft:sprint_one_cm":17826,"minecraft:damage_absorbed":905,"minecraft:damage_taken":2302,"minecraft:walk_one_cm":85344,"minecraft:drop":2,"minecraft:damage_dealt":50822,"minecraft:fly_one_cm":112364,"minecraft:open_chest":11,"minecraft:crouch_one_cm":4160,"minecraft:play_time":40494,"tombstone:undead_killed":17,"minecraft:deaths":2,"minecraft:sneak_time":2068,"minecraft:jump":253,"minecraft:total_world_time":40494,"minecraft:fall_one_cm":12580},"minecraft:killed":{"minecraft:piglin":3,"minecraft:zombified_piglin":1,"stalwart_dungeons:giddy_blaze":6,"majruszsdifficulty:cursed_armor":1,"soulsweapons:accursed_lord_boss":1,"alexsmobs:crimson_mosquito":8,"born_in_chaos_v1:firelight":11,"minecraft:skeleton":2,"soulsweapons:withered_demon":1,"bosses_of_mass_destruction:gauntlet":1,"soulsweapons:evil_forlorn":2,"minecraft:wither_skeleton":12,"minecraft:piglin_brute":1,"minecraft:blaze":7},"minecraft:picked_up":{"minecraft:basalt":7,"iceandfire:witherbone":7,"soulsweapons:withered_demon_heart":1,"minecraft:nether_brick":6,"minecraft:ancient_debris":2,"scalinghealth:heart_crystal":4,"alexsmobs:mosquito_proboscis":1,"soulsweapons:demon_heart":1,"soulsweapons:lord_soul_red":1,"minecraft:bone":15,"minecraft:wheat_seeds":2,"alexsmobs:blood_sac":3,"minecraft:gold_nugget":1,"minecraft:cobbled_deepslate":13,"scalinghealth:chance_heart":1,"scalinghealth:power_crystal_shard":3,"tombstone:bag_of_seeds":2,"born_in_chaos_v1:caramel_pepper":1,"minecraft:quartz":8,"minecraft:polished_blackstone_bricks":9,"tombstone:grave_dust":3,"soulsweapons:forlorn_scythe":1,"soulsweapons:darkin_blade":1,"minecraft:stone_sword":1,"minecraft:arrow":3,"born_in_chaos_v1:fire_dust":3,"born_in_chaos_v1:sweet_sword":1,"minecraft:blaze_rod":6,"minecraft:netherrack":324,"minecraft:coal":4,"born_in_chaos_v1:gummy_vampire_teeth":2,"minecraft:crimson_roots":3},"minecraft:mined":{"minecraft:blackstone":28,"minecraft:basalt":7,"minecraft:crimson_roots":3,"minecraft:weeping_vines":1,"minecraft:nether_quartz_ore":8,"minecraft:weeping_vines_plant":1,"minecraft:cobbled_deepslate":12,"minecraft:fire":5,"minecraft:ancient_debris":2,"minecraft:netherrack":677},"minecraft:killed_by":{"minecraft:zombie":1},"minecraft:dropped":{"minecraft:cobbled_deepslate":1,"minecraft:diamond":1},"minecraft:used":{"minecraft:golden_boots":5,"minecraft:water_bucket":4,"soulsweapons:demon_heart":1,"minecraft:flint_and_steel":1,"minecraft:poppy":6,"twilightforest:glass_sword":187,"scalinghealth:chance_heart":1,"majruszsdifficulty:enderium_pickaxe":20,"minecraft:netherrack":4,"minecraft:polished_blackstone_bricks":12,"scalinghealth:heart_crystal":72,"scalinghealth:cursed_heart":36,"enchantinginfuser:advanced_enchanting_infuser":1,"minecraft:obsidian":13,"scalinghealth:enchanted_heart":2,"born_in_chaos_v1:caramel_pepper":1,"minecraft:crimson_roots":3,"minecraft:blaze_spawn_egg":5,"vanillaplustools:iron_hammer":80,"minecraft:netherite_pickaxe":4,"iceandfire:dragonsteel_lightning_boots":5,"tombstone:gift":2,"minecraft:dandelion":6,"minecraft:cobbled_deepslate":92,"minecraft:enchanted_golden_apple":6,"minecraft:splash_potion":17}},"DataVersion":3465}