{"stats":{"minecraft:custom":{"minecraft:interact_with_furnace":2,"minecraft:mob_kills":1,"minecraft:interact_with_crafting_table":1,"minecraft:open_barrel":1,"minecraft:open_shulker_box":2,"minecraft:leave_game":2,"minecraft:time_since_death":40474,"minecraft:time_since_rest":40506,"minecraft:sprint_one_cm":72001,"minecraft:damage_taken":2358,"minecraft:walk_one_cm":109728,"minecraft:drop":11,"minecraft:damage_dealt":281,"minecraft:swim_one_cm":6030,"minecraft:talked_to_villager":1,"minecraft:fly_one_cm":110629,"minecraft:open_chest":19,"minecraft:crouch_one_cm":3840,"minecraft:play_time":43928,"minecraft:deaths":1,"minecraft:sneak_time":1306,"minecraft:walk_under_water_one_cm":839,"minecraft:jump":962,"minecraft:interact_with_brewingstand":1,"minecraft:walk_on_water_one_cm":6861,"minecraft:total_world_time":43928,"minecraft:fall_one_cm":23415},"minecraft:crafted":{"minecraft:bucket":1,"minecraft:flint_and_steel":1},"minecraft:dropped":{"minecraft:gravel":7,"minecraft:wheat_seeds":2,"minecraft:cobbled_deepslate":64,"minecraft:diamond":6,"minecraft:flint_and_steel":1,"minecraft:stick":40,"minecraft:string":4,"minecraft:stone_brick_slab":1},"minecraft:killed":{"minecraft:zombie":1},"minecraft:mined":{"minecraft:black_shulker_box":2,"minecraft:tuff":66,"minecraft:soul_sand":7,"minecraft:deepslate_diamond_ore":8,"minecraft:soul_fire":2,"minecraft:stone_brick_slab":1,"minecraft:obsidian":1,"minecraft:granite":6,"minecraft:short_grass":6,"minecraft:grass_block":2,"minecraft:nether_quartz_ore":1,"minecraft:soul_soil":4,"minecraft:sugar_cane":17,"minecraft:birch_log":7,"minecraft:cobbled_deepslate":16,"minecraft:andesite":13,"minecraft:birch_leaves":1,"minecraft:gravel":14,"minecraft:dirt":4,"minecraft:stone":168,"minecraft:deepslate":340},"minecraft:used":{"minecraft:water_bucket":9,"minecraft:flint_and_steel":18,"minecraft:black_shulker_box":1,"minecraft:stone":1,"minecraft:diamond_axe":6,"minecraft:sugar_cane":5,"minecraft:dirt":197,"minecraft:diamond_pickaxe":637,"minecraft:diamond_shovel":15,"minecraft:iron_axe":7,"minecraft:totem_of_undying":1,"minecraft:golden_carrot":18,"minecraft:beetroot_seeds":42,"minecraft:bucket":9,"minecraft:cobbled_deepslate":99,"minecraft:bone_meal":3},"minecraft:killed_by":{"minecraft:player":1},"minecraft:picked_up":{"minecraft:birch_log":7,"minecraft:golden_carrot":31,"minecraft:andesite":36,"minecraft:tuff":60,"minecraft:flint":13,"minecraft:string":4,"minecraft:dirt":8,"minecraft:soul_soil":3,"minecraft:flint_and_steel":1,"minecraft:beetroot":21,"minecraft:diamond_leggings":2,"minecraft:wheat_seeds":2,"minecraft:black_shulker_box":2,"minecraft:cobbled_deepslate":329,"minecraft:diamond_helmet":1,"minecraft:sugar_cane":49,"minecraft:soul_sand":7,"minecraft:stone":1,"minecraft:stone_brick_slab":1,"minecraft:torch":1,"minecraft:gravel":19,"minecraft:diamond_shovel":1,"minecraft:diamond_chestplate":2,"minecraft:diamond":37,"minecraft:beetroot_seeds":42,"minecraft:diamond_boots":1,"minecraft:granite":4,"minecraft:diamond_axe":1,"minecraft:bone_meal":3,"minecraft:obsidian":1,"minecraft:cobblestone":211,"minecraft:diamond_pickaxe":2}},"DataVersion":3955}