{"stats":{"minecraft:broken":{"twilightforest:glass_sword":3},"minecraft:killed":{"minecraft:skeleton":9,"born_in_chaos_v1:dire_hound_leader":1,"born_in_chaos_v1:decaying_zombie":1,"born_in_chaos_v1:mr_pumpkin":1,"minecraft:zombie":22,"minecraft:pig":1,"born_in_chaos_v1:dread_hound":6,"minecraft:chicken":1,"born_in_chaos_v1:dark_vortex":1,"minecraft:spider":6,"minecraft:creeper":5,"minecraft:zombie_horse":1,"born_in_chaos_v1:decrepit_skeleton":1,"born_in_chaos_v1:maggot":5,"mowziesmobs:naga":3},"minecraft:used":{"minecraft:warden_spawn_egg":1,"minecraft:bookshelf":82,"twilightforest:glass_sword":114,"tombstone:magic_scroll":7,"born_in_chaos_v1:caramel_pepper":1,"minecraft:dirt":10,"scalinghealth:heart_crystal":4,"swem:bow_amethyst":2,"minecraft:cooked_beef":2,"enchantinginfuser:advanced_enchanting_infuser":1,"minecraft:enchanted_golden_apple":6,"minecraft:obsidian":1},"minecraft:custom":{"minecraft:time_since_rest":29000,"minecraft:sprint_one_cm":33202,"minecraft:damage_absorbed":691,"minecraft:damage_taken":1234,"minecraft:walk_one_cm":50861,"minecraft:mob_kills":64,"minecraft:drop":2,"minecraft:damage_dealt":21805,"minecraft:swim_one_cm":1067,"minecraft:fly_one_cm":108362,"minecraft:crouch_one_cm":79,"minecraft:play_time":29000,"tombstone:undead_killed":34,"minecraft:walk_under_water_one_cm":2265,"minecraft:sneak_time":268,"minecraft:jump":276,"minecraft:damage_dealt_resisted":3179,"minecraft:enchant_item":4,"minecraft:walk_on_water_one_cm":85,"minecraft:time_since_death":29000,"minecraft:total_world_time":29000,"minecraft:damage_resisted":413,"minecraft:fall_one_cm":7709},"minecraft:picked_up":{"minecraft:birch_log":1,"born_in_chaos_v1:corpse_maggot":1,"swem:timothy_seeds":2,"minecraft:stick":3,"minecraft:iron_chestplate":1,"minecraft:creeper_head":2,"born_in_chaos_v1:monster_flesh":5,"minecraft:oak_log":1,"swem:shield_amethyst":1,"tombstone:grave_dust":6,"born_in_chaos_v1:fangofthe_hound_leader":2,"minecraft:gunpowder":3,"born_in_chaos_v1:holiday_candy":1,"scalinghealth:heart_crystal":5,"minecraft:string":6,"minecraft:dirt":69,"swem:boots_riding_amethyst":1,"jeg:grenade":1,"mowziesmobs:naga_fang":1,"minecraft:iron_leggings":1,"born_in_chaos_v1:monster_skin":3,"minecraft:bone":6,"minecraft:arrow":13,"minecraft:rotten_flesh":26,"minecraft:apple":1,"travelersbackpack:horse":1,"swem:alfalfa_seeds":5,"tombstone:magic_scroll":2,"scalinghealth:power_crystal_shard":2,"born_in_chaos_v1:gnawed_bones":4,"alexsmobs:maggot":1,"born_in_chaos_v1:caramel_pepper":2,"minecraft:oak_sapling":6,"minecraft:cobblestone":8},"minecraft:mined":{"minecraft:fire":1,"minecraft:grass":8,"minecraft:bookshelf":1,"minecraft:grass_block":10},"minecraft:dropped":{"swem:boots_riding_amethyst":1,"swem:shield_amethyst":1}},"DataVersion":3465}