{"stats":{"minecraft:killed":{"minecraft:skeleton":1,"minecraft:zombie":4,"born_in_chaos_v1:corpse_fly":1,"born_in_chaos_v1:corpse_fish":1,"minecraft:spider":1,"minecraft:drowned":1,"minecraft:creeper":1},"minecraft:picked_up":{"swem:timothy_seeds":2,"minecraft:spider_eye":1,"minecraft:dirt":48,"born_in_chaos_v1:marigolds":1,"minecraft:zombie_head":1,"minecraft:bone":2,"minecraft:rotten_flesh":3,"born_in_chaos_v1:sweet_sword":1,"minecraft:wheat_seeds":1,"swem:alfalfa_seeds":1,"born_in_chaos_v1:gummy_vampire_teeth":1,"minecraft:cobblestone":6},"minecraft:used":{"minecraft:bookshelf":149,"minecraft:flint_and_steel":1,"twilightforest:glass_sword":14,"soulsweapons:darkmoon_longbow":12,"minecraft:chiseled_stone_bricks":11,"minecraft:enchanted_golden_apple":1,"enchantinginfuser:advanced_enchanting_infuser":1,"minecraft:obsidian":14},"minecraft:custom":{"tombstone:steal_effect":7,"minecraft:time_since_rest":16356,"minecraft:sprint_one_cm":1202,"minecraft:walk_one_cm":16821,"minecraft:damage_taken":62,"minecraft:damage_absorbed":43,"minecraft:mob_kills":15,"minecraft:damage_dealt":7197,"minecraft:fly_one_cm":9546,"minecraft:crouch_one_cm":258,"minecraft:play_time":16356,"tombstone:undead_killed":6,"minecraft:sneak_time":129,"minecraft:walk_under_water_one_cm":3216,"minecraft:jump":50,"minecraft:damage_dealt_resisted":521,"minecraft:time_since_death":16356,"minecraft:walk_on_water_one_cm":579,"minecraft:enchant_item":8,"minecraft:total_world_time":16356,"minecraft:damage_resisted":33,"minecraft:fall_one_cm":944}},"DataVersion":3465}