{"stats":{"minecraft:used":{"toolleveling:tool_leveling_table":3,"minecraft:bookshelf":102,"enchantinginfuser:advanced_enchanting_infuser":2},"minecraft:dropped":{"minecraft:netherite_ingot":68},"minecraft:custom":{"minecraft:jump":8,"minecraft:time_since_rest":9768,"minecraft:play_time":9768,"minecraft:time_since_death":9768,"minecraft:walk_one_cm":8002,"minecraft:enchant_item":3,"minecraft:sneak_time":40,"minecraft:total_world_time":9768,"minecraft:drop":5,"minecraft:fly_one_cm":1641},"minecraft:picked_up":{"swem:alfalfa_seeds":1,"minecraft:netherite_ingot":64}},"DataVersion":3465}