{"stats":{"minecraft:mined":{"minecraft:tuff":2,"minecraft:spruce_planks":1,"minecraft:mossy_cobblestone":3,"minecraft:end_stone":1,"minecraft:ladder":1,"minecraft:grass_block":2,"minecraft:tall_grass":8,"minecraft:cobblestone":2,"minecraft:oak_planks":5,"minecraft:blue_bed":1,"minecraft:spawner":2,"minecraft:hay_block":1,"vampirism:totem_base":1,"vampirism:totem_top":1,"minecraft:fire":11,"minecraft:lilac":1,"minecraft:spruce_log":1,"treechop:chopped_log":1,"minecraft:grass":35,"minecraft:coal_ore":14,"minecraft:vine":2,"minecraft:dirt_path":1,"minecraft:sunflower":1,"minecraft:gravel":1,"minecraft:dirt":6,"minecraft:cobweb":1,"minecraft:stone_bricks":1,"minecraft:stone":69,"minecraft:oak_leaves":1,"minecraft:deepslate":12,"minecraft:fern":2},"minecraft:custom":{"minecraft:mob_kills":95,"minecraft:open_barrel":1,"minecraft:damage_dealt_resisted":613,"minecraft:leave_game":1,"minecraft:time_since_death":19362,"minecraft:climb_one_cm":4801,"minecraft:damage_resisted":1054,"minecraft:time_since_rest":17822,"minecraft:sprint_one_cm":166101,"minecraft:damage_absorbed":2316,"minecraft:damage_taken":4715,"minecraft:walk_one_cm":149849,"minecraft:trigger_trapped_chest":1,"minecraft:drop":12,"minecraft:damage_dealt":15506,"minecraft:damage_dealt_absorbed":365,"minecraft:swim_one_cm":16730,"minecraft:fly_one_cm":1590181,"minecraft:open_chest":10,"minecraft:crouch_one_cm":5374,"minecraft:play_time":81599,"minecraft:sneak_time":2771,"tombstone:undead_killed":14,"minecraft:deaths":5,"minecraft:walk_under_water_one_cm":1271,"minecraft:jump":1554,"minecraft:walk_on_water_one_cm":13541,"minecraft:total_world_time":81599,"minecraft:fall_one_cm":47111},"minecraft:killed_by":{"minecraft:skeleton":1,"minecraft:zombie":1},"minecraft:broken":{"twilightforest:gold_minotaur_axe":1},"minecraft:dropped":{"minecraft:wheat_seeds":3,"minecraft:vine":1,"travelersbackpack:bookshelf":1,"vampirism:vampire_book":1,"tombstone:gift":1,"travelersbackpack:snow":1,"vampirism:hunter_axe_normal":1,"werewolves:cracked_bone":2,"skilltree:gem":1,"tombstone:grave_dust":1,"minecraft:white_wool":1,"minecraft:blue_bed":1},"minecraft:picked_up":{"minecraft:cooked_beef":52,"minecraft:lilac":1,"minecraft:jungle_log":1,"minecraft:leather":2,"paraglider:spirit_orb":2,"iceandfire:dragonsteel_lightning_axe":2,"minecraft:oak_log":7,"scalinghealth:heart_crystal":1,"skilltree:gem":3,"minecraft:blue_bed":1,"minecraft:dirt":41,"minecraft:string":23,"travelersbackpack:bookshelf":1,"minecraft:bone":10,"minecraft:stone_bricks":3,"minecraft:bow":1,"minecraft:wheat_seeds":9,"vampirism:totem_base":1,"minecraft:spruce_planks":1,"minecraft:beef":5,"scalinghealth:power_crystal_shard":5,"alexscaves:totem_of_possession":1,"werewolves:pelt":1,"soulsweapons:lord_soul_purple":1,"minecraft:oak_planks":69,"minecraft:end_stone":1,"iceandfire:dragonsteel_lightning_pickaxe":1,"minecraft:torch":1,"minecraft:porkchop":3,"iceandfire:dragonsteel_lightning_chestplate":1,"tombstone:grave_dust":2,"vampirism:vampire_fang":1,"minecraft:spruce_log":1,"minecraft:grass_block":1,"minecraft:diamond_block":4,"minecraft:bundle":1,"travelersbackpack:snow":1,"mca:rose_gold_block":1,"minecraft:arrow":9,"minecraft:rotten_flesh":4,"minecraft:diamond":4,"minecraft:hay_block":1,"skilltree:amnesia_scroll":1,"minecraft:totem_of_undying":7,"werewolves:cracked_bone":4,"minecraft:oak_sapling":1,"minecraft:mutton":2,"minecraft:coal":14,"minecraft:white_wool":1,"minecraft:cobblestone":64,"minecraft:ender_pearl":13},"minecraft:killed":{"vampirism:vampire":4,"minecraft:pig":2,"minecraft:witch":1,"minecraft:spider":18,"minecraft:ender_dragon":1,"minecraft:sheep":1,"minecraft:skeleton":8,"minecraft:zombie":4,"iceandfire:ghost":2,"minecraft:silverfish":22,"mca:female_villager":2,"minecraft:cow":3,"werewolves:werewolf_survivalist":1,"minecraft:enderman":3},"minecraft:used":{"minecraft:water_bucket":5,"vampirism:hunter_axe_normal":2,"minecraft:dirt_path":18,"iceandfire:dragonsteel_lightning_pickaxe":108,"iceandfire:ghost_sword":132,"minecraft:oak_planks":227,"minecraft:ender_pearl":12,"minecraft:spruce_planks":1,"minecraft:stone":1,"minecraft:zombie_spawn_egg":2,"vampirism:item_alchemical_fire":1,"minecraft:blue_bed":1,"minecraft:oak_leaves":6,"minecraft:diamond_block":9,"minecraft:dirt":20,"majruszsdifficulty:ender_dragon_treasure_bag":1,"minecraft:spruce_log":1,"minecraft:milk_bucket":1,"iceandfire:dragonsteel_lightning_axe":121,"minecraft:oak_log":62,"minecraft:ender_eye":19,"minecraft:string":1,"tombstone:grave_key":3,"minecraft:totem_of_undying":1,"minecraft:bow":18,"minecraft:hay_block":31,"iceandfire:dragonsteel_lightning_sword":12,"minecraft:podzol":40,"minecraft:bucket":5,"tombstone:gift":2,"vampirism:totem_base":1,"minecraft:cooked_beef":15,"twilightforest:gold_minotaur_axe":25,"minecraft:enchanted_golden_apple":20}},"DataVersion":3465}