{"stats":{"minecraft:custom":{"minecraft:mob_kills":3,"minecraft:interact_with_crafting_table":11,"minecraft:damage_dealt_resisted":32,"minecraft:leave_game":1,"minecraft:time_since_death":22292,"minecraft:climb_one_cm":176,"minecraft:time_since_rest":21964,"minecraft:sprint_one_cm":42971,"minecraft:damage_taken":495,"minecraft:walk_one_cm":43104,"minecraft:drop":1,"minecraft:damage_dealt":6194,"minecraft:swim_one_cm":2671,"minecraft:fly_one_cm":35517,"minecraft:open_chest":3,"minecraft:crouch_one_cm":7077,"minecraft:play_time":24185,"tombstone:undead_killed":1,"minecraft:deaths":1,"minecraft:sneak_time":2424,"minecraft:walk_under_water_one_cm":1217,"minecraft:jump":473,"minecraft:walk_on_water_one_cm":1369,"minecraft:total_world_time":24185,"minecraft:interact_with_smoker":2,"minecraft:fall_one_cm":4164},"minecraft:killed":{"minecraft:pig":2,"minecraft:zombie":1},"minecraft:picked_up":{"swem:timothy_seeds":3,"minecraft:crafting_table":1,"minecraft:smoker":1,"minecraft:oak_log":183,"skilltree:gem":6,"minecraft:dirt":40,"minecraft:paper":2,"minecraft:compass":1,"minecraft:apple":3,"minecraft:wheat_seeds":1,"minecraft:cobblestone_slab":2,"minecraft:birch_sapling":1,"swem:oat_seeds":2,"minecraft:sugar_cane":7,"minecraft:chest":1,"minecraft:oak_planks":10,"minecraft:book":6,"minecraft:stick":14,"minecraft:porkchop":5,"minecraft:rotten_flesh":1,"minecraft:hay_block":24,"minecraft:bread":2,"minecraft:oak_sapling":28,"minecraft:coal":28,"minecraft:cobblestone":20},"minecraft:dropped":{"minecraft:stone_axe":1},"minecraft:mined":{"minecraft:oak_sapling":2,"minecraft:smoker":1,"minecraft:crafting_table":1,"minecraft:chest":1,"minecraft:sugar_cane":3,"minecraft:oak_planks":10,"minecraft:hay_block":24,"treechop:chopped_log":5,"minecraft:grass":5,"minecraft:bookshelf":4,"minecraft:coal_ore":28,"minecraft:cobblestone_slab":2,"minecraft:dirt":4,"minecraft:stone":20,"minecraft:oak_leaves":1},"minecraft:used":{"minecraft:stone_pickaxe":48,"minecraft:oak_planks":261,"minecraft:chest":2,"minecraft:wooden_pickaxe":3,"minecraft:cobblestone_slab":20,"minecraft:stone_hoe":24,"minecraft:torch":2,"minecraft:dirt":13,"minecraft:crafting_table":2,"iceandfire:dragonbone_sword_lightning":3,"minecraft:smoker":1,"minecraft:bread":6,"iceandfire:dragonsteel_ice_sword":3,"iceandfire:dragonsteel_fire_sword":33,"minecraft:stone_axe":50,"minecraft:oak_sapling":4},"minecraft:crafted":{"minecraft:oak_planks":8,"minecraft:cobblestone_slab":18,"minecraft:cooked_porkchop":5,"minecraft:crafting_table":1,"minecraft:wooden_pickaxe":1,"minecraft:stone_axe":2,"minecraft:bread":21,"minecraft:air":0,"minecraft:stick":16,"minecraft:stone_pickaxe":1,"minecraft:chest":2,"minecraft:torch":80,"minecraft:stone_hoe":1,"minecraft:wheat":216}},"DataVersion":3465}