{"stats":{"minecraft:killed":{"minecraft:skeleton":2,"minecraft:zombie":4,"born_in_chaos_v1:corpse_fly":1,"minecraft:spider":2,"minecraft:drowned":1,"born_in_chaos_v1:corpse_fish":1,"minecraft:creeper":1},"minecraft:dropped":{"minecraft:chiseled_stone_bricks":1},"minecraft:picked_up":{"swem:timothy_seeds":2,"minecraft:spider_eye":1,"minecraft:dirt":48,"born_in_chaos_v1:marigolds":1,"minecraft:rotten_flesh":3,"minecraft:bone":2,"minecraft:zombie_head":1,"born_in_chaos_v1:sweet_sword":1,"minecraft:wheat_seeds":1,"swem:alfalfa_seeds":1,"born_in_chaos_v1:gummy_vampire_teeth":1,"minecraft:cobblestone":6},"minecraft:used":{"minecraft:bookshelf":150,"minecraft:flint_and_steel":1,"twilightforest:glass_sword":14,"jeg:schematic_station":1,"soulsweapons:darkmoon_longbow":13,"jeg:gunmetal_workbench":1,"minecraft:chiseled_stone_bricks":11,"jeg:soulhunter_mk2":27,"jeg:gunnite_workbench":2,"jeg:blueprint_workbench":1,"minecraft:enchanted_golden_apple":1,"enchantinginfuser:advanced_enchanting_infuser":1,"minecraft:obsidian":14},"minecraft:custom":{"tombstone:steal_effect":7,"minecraft:time_since_rest":26925,"minecraft:sprint_one_cm":5015,"minecraft:damage_taken":62,"minecraft:damage_absorbed":43,"minecraft:walk_one_cm":20644,"minecraft:mob_kills":17,"minecraft:drop":1,"minecraft:damage_dealt":7197,"minecraft:fly_one_cm":19199,"minecraft:crouch_one_cm":356,"minecraft:play_time":26925,"tombstone:undead_killed":7,"minecraft:sneak_time":191,"minecraft:walk_under_water_one_cm":3216,"minecraft:jump":80,"minecraft:damage_dealt_resisted":521,"minecraft:leave_game":1,"minecraft:walk_on_water_one_cm":579,"minecraft:time_since_death":26925,"minecraft:enchant_item":9,"minecraft:total_world_time":26925,"minecraft:damage_resisted":33,"minecraft:fall_one_cm":1362}},"DataVersion":3465}