{"stats":{"minecraft:crafted":{"minecraft:oak_planks":8,"minecraft:stone_axe":1,"minecraft:crafting_table":1,"minecraft:stick":16,"minecraft:stone_pickaxe":1,"minecraft:wooden_pickaxe":1},"minecraft:picked_up":{"minecraft:stick":3,"minecraft:rotten_flesh":1,"minecraft:oak_log":8,"skilltree:gem":5,"minecraft:oak_sapling":7,"minecraft:coal":20,"minecraft:dirt":38,"minecraft:cobblestone":10},"minecraft:killed":{"minecraft:zombie":1},"minecraft:dropped":{"minecraft:stone_axe":1},"minecraft:mined":{"minecraft:coal_ore":21,"minecraft:stone":10},"minecraft:used":{"minecraft:crafting_table":1,"minecraft:oak_sapling":3,"minecraft:stone_pickaxe":28,"iceandfire:dragonbone_sword_lightning":3,"minecraft:wooden_pickaxe":3,"iceandfire:dragonsteel_ice_sword":3,"iceandfire:dragonsteel_fire_sword":33},"minecraft:custom":{"minecraft:time_since_rest":5567,"minecraft:walk_one_cm":10324,"minecraft:play_time":7788,"minecraft:sprint_one_cm":4633,"minecraft:damage_taken":385,"tombstone:undead_killed":1,"minecraft:deaths":1,"minecraft:sneak_time":13,"minecraft:mob_kills":1,"minecraft:drop":1,"minecraft:jump":41,"minecraft:damage_dealt":5968,"minecraft:leave_game":1,"minecraft:time_since_death":5895,"minecraft:total_world_time":7788,"minecraft:interact_with_crafting_table":4,"minecraft:fall_one_cm":815,"minecraft:fly_one_cm":3130}},"DataVersion":3465}