{"stats":{"minecraft:used":{"minecraft:oak_planks":261,"minecraft:stone_pickaxe":132,"minecraft:chest":3,"minecraft:wooden_pickaxe":3,"vanillaplustools:stone_hammer":28,"minecraft:cobblestone_slab":78,"minecraft:stone_hoe":24,"minecraft:torch":6,"minecraft:dirt":15,"minecraft:crafting_table":2,"iceandfire:dragonbone_sword_lightning":3,"minecraft:smoker":1,"minecraft:bread":6,"iceandfire:dragonsteel_fire_sword":33,"iceandfire:dragonsteel_ice_sword":3,"minecraft:stone_axe":83,"minecraft:cobblestone":19,"minecraft:oak_sapling":4,"minecraft:cooked_porkchop":5},"minecraft:dropped":{"minecraft:bread":9,"minecraft:stone_axe":1},"minecraft:killed":{"minecraft:pig":2,"minecraft:zombie":1},"minecraft:crafted":{"minecraft:oak_planks":8,"minecraft:cobblestone_slab":102,"vanillaplustools:stone_hammer":1,"minecraft:cooked_porkchop":5,"minecraft:crafting_table":1,"minecraft:wooden_pickaxe":1,"minecraft:stone_axe":2,"minecraft:bread":21,"minecraft:air":0,"minecraft:stick":16,"minecraft:stone_pickaxe":13,"minecraft:chest":2,"minecraft:torch":80,"minecraft:stone_hoe":1,"minecraft:wheat":216},"minecraft:broken":{"minecraft:stone_pickaxe":1},"minecraft:picked_up":{"swem:timothy_seeds":3,"minecraft:crafting_table":1,"minecraft:smoker":1,"minecraft:oak_log":183,"skilltree:gem":7,"minecraft:dirt":41,"minecraft:paper":2,"minecraft:compass":1,"minecraft:apple":3,"minecraft:wheat_seeds":2,"minecraft:cobblestone_slab":8,"minecraft:birch_sapling":1,"swem:oat_seeds":2,"minecraft:sugar_cane":7,"minecraft:chest":1,"minecraft:oak_planks":41,"minecraft:book":6,"minecraft:stick":14,"minecraft:porkchop":5,"minecraft:rotten_flesh":1,"minecraft:hay_block":24,"minecraft:bread":2,"minecraft:oak_sapling":28,"minecraft:coal":49,"minecraft:cobblestone":215,"iceandfire:raw_silver":4},"minecraft:mined":{"minecraft:oak_sapling":2,"iceandfire:silver_ore":4,"minecraft:smoker":1,"minecraft:crafting_table":1,"minecraft:chest":1,"minecraft:tall_grass":3,"minecraft:sugar_cane":3,"minecraft:oak_planks":40,"minecraft:hay_block":24,"treechop:chopped_log":5,"minecraft:grass":5,"minecraft:bookshelf":4,"minecraft:coal_ore":51,"minecraft:cobblestone_slab":8,"minecraft:dirt":6,"minecraft:stone":240,"minecraft:oak_leaves":1},"minecraft:custom":{"minecraft:mob_kills":3,"minecraft:interact_with_crafting_table":16,"minecraft:damage_dealt_resisted":32,"minecraft:leave_game":2,"minecraft:time_since_death":50298,"minecraft:climb_one_cm":176,"minecraft:time_since_rest":49970,"minecraft:sprint_one_cm":77179,"minecraft:damage_taken":1049,"minecraft:walk_one_cm":88148,"minecraft:drop":2,"minecraft:damage_dealt":6203,"minecraft:swim_one_cm":25756,"minecraft:fly_one_cm":83652,"minecraft:open_chest":16,"minecraft:crouch_one_cm":22597,"minecraft:play_time":52191,"tombstone:undead_killed":1,"minecraft:deaths":1,"minecraft:sneak_time":5865,"minecraft:walk_under_water_one_cm":5816,"minecraft:jump":688,"minecraft:walk_on_water_one_cm":5625,"minecraft:interact_with_smoker":2,"minecraft:total_world_time":52191,"minecraft:fall_one_cm":12899}},"DataVersion":3465}