{
  "minecraft:recipes/building_blocks/polished_deepslate": {
    "criteria": {
      "has_cobbled_deepslate": "2024-11-10 03:12:51 +0000"
    },
    "done": true
  },
  "minecraft:recipes/building_blocks/polished_blackstone_brick_slab": {
    "criteria": {
      "has_polished_blackstone_bricks": "2024-11-10 03:31:01 +0000"
    },
    "done": true
  },
  "soulsweapons:recipes/combat/moonlight_greatsword": {
    "criteria": {
      "has_lord_soul": "2024-11-10 03:20:59 +0000"
    },
    "done": true
  },
  "mutantmonsters:root": {
    "criteria": {
      "killed_by_something": "2024-11-10 03:10:32 +0000"
    },
    "done": true
  },
  "minecraft:recipes/building_blocks/deepslate_tile_stairs_from_cobbled_deepslate_stonecutting": {
    "criteria": {
      "has_cobbled_deepslate": "2024-11-10 03:12:51 +0000"
    },
    "done": true
  },
  "soulsweapons:recipes/combat/withered_chest": {
    "criteria": {
      "has_item": "2024-11-10 03:20:59 +0000"
    },
    "done": true
  },
  "soulsweapons:lord_soul": {
    "criteria": {
      "soul": "2024-11-10 03:20:59 +0000"
    },
    "done": true
  },
  "minecraft:nether/explore_nether": {
    "criteria": {
      "minecraft:crimson_forest": "2024-11-10 03:23:22 +0000",
      "minecraft:nether_wastes": "2024-11-10 03:21:14 +0000",
      "minecraft:basalt_deltas": "2024-11-10 03:11:32 +0000"
    },
    "done": false
  },
  "voidtotem:recipes/combat/totem_of_void_undying": {
    "criteria": {
      "has_totem": "2024-11-10 03:13:13 +0000"
    },
    "done": true
  },
  "soulsweapons:end_of_reigns": {
    "criteria": {
      "soulsweapons:accursed_lord_boss": "2024-11-10 03:20:51 +0000"
    },
    "done": true
  },
  "tombstone:adventure/find_grave_dust": {
    "criteria": {
      "from_undead": "2024-11-10 03:18:21 +0000"
    },
    "done": true
  },
  "tombstone:recipes/from_grave_key": {
    "criteria": {
      "has_ingredient": "2024-11-10 03:10:35 +0000"
    },
    "done": true
  },
  "soulsweapons:recipes/combat/soul_reaper": {
    "criteria": {
      "has_item": "2024-11-10 03:20:59 +0000"
    },
    "done": true
  },
  "minecraft:story/mine_stone": {
    "criteria": {
      "get_stone": "2024-11-10 03:12:51 +0000"
    },
    "done": true
  },
  "minecraft:recipes/decorations/furnace": {
    "criteria": {
      "has_cobblestone": "2024-11-10 03:12:51 +0000"
    },
    "done": true
  },
  "soulsweapons:recipes/combat/kraken_slayer": {
    "criteria": {
      "has_item": "2024-11-10 03:20:59 +0000"
    },
    "done": true
  },
  "minecraft:recipes/misc/gold_nugget_from_blasting": {
    "criteria": {
      "has_golden_boots": "2024-11-10 03:26:34 +0000"
    },
    "done": true
  },
  "minecraft:nether/obtain_blaze_rod": {
    "criteria": {
      "blaze_rod": "2024-11-10 03:17:53 +0000"
    },
    "done": true
  },
  "soulsweapons:recipes/misc/crimson_ingot": {
    "criteria": {
      "has_item": "2024-11-10 03:25:41 +0000"
    },
    "done": true
  },
  "securitycraft:recipes/building_blocks/reinforced_andesite_with_vanilla_diorite": {
    "criteria": {
      "has_cobblestone": "2024-11-10 03:12:51 +0000"
    },
    "done": true
  },
  "minecraft:recipes/building_blocks/cracked_polished_blackstone_bricks": {
    "criteria": {
      "has_polished_blackstone_bricks": "2024-11-10 03:31:01 +0000"
    },
    "done": true
  },
  "minecraft:recipes/decorations/crafting_table": {
    "criteria": {
      "unlock_right_away": "2024-11-10 03:09:03 +0000"
    },
    "done": true
  },
  "minecraft:recipes/decorations/chest": {
    "criteria": {
      "has_lots_of_items": "2024-11-10 03:13:13 +0000"
    },
    "done": true
  },
  "minecraft:recipes/building_blocks/cobbled_deepslate_slab": {
    "criteria": {
      "has_cobbled_deepslate": "2024-11-10 03:12:51 +0000"
    },
    "done": true
  },
  "minecraft:recipes/brewing/golden_carrot": {
    "criteria": {
      "has_gold_nugget": "2024-11-10 03:19:19 +0000"
    },
    "done": true
  },
  "minecraft:adventure/kill_all_mobs": {
    "criteria": {
      "minecraft:blaze": "2024-11-10 03:17:26 +0000",
      "minecraft:skeleton": "2024-11-10 03:16:54 +0000",
      "minecraft:zombified_piglin": "2024-11-10 03:19:19 +0000",
      "minecraft:wither_skeleton": "2024-11-10 03:18:17 +0000"
    },
    "done": false
  },
  "soulsweapons:recipes/combat/leviathan_axe_left": {
    "criteria": {
      "has_item": "2024-11-10 03:20:59 +0000"
    },
    "done": true
  },
  "mowziesmobs:root": {
    "criteria": {
      "custom_test_name": "2024-11-10 03:09:03 +0000"
    },
    "done": true
  },
  "securitycraft:recipes/building_blocks/reinforced_andesite_with_vanilla_cobblestone": {
    "criteria": {
      "has_cobblestone": "2024-11-10 03:12:51 +0000"
    },
    "done": true
  },
  "tombstone:adventure/cancel_ghostly_shape": {
    "criteria": {
      "coded_trigger": "2024-11-10 03:11:44 +0000"
    },
    "done": true
  },
  "minecraft:recipes/decorations/oak_hanging_sign": {
    "criteria": {
      "has_stripped_logs": "2024-11-10 03:12:41 +0000"
    },
    "done": true
  },
  "soulsweapons:recipes/combat/mjolnir": {
    "criteria": {
      "has_item": "2024-11-10 03:20:59 +0000"
    },
    "done": true
  },
  "tombstone:adventure/first_knowledge": {
    "criteria": {
      "coded_trigger": "2024-11-10 03:18:21 +0000"
    },
    "done": true
  },
  "minecraft:recipes/building_blocks/polished_blackstone_brick_stairs_from_polished_blackstone_bricks_stonecutting": {
    "criteria": {
      "has_polished_blackstone_bricks": "2024-11-10 03:31:01 +0000"
    },
    "done": true
  },
  "skilltree:recipes/misc/simple_necklace": {
    "criteria": {
      "has_nuggets_gold": "2024-11-10 03:19:19 +0000"
    },
    "done": true
  },
  "skilltree:recipes/misc/assassin_necklace": {
    "criteria": {
      "has_bone": "2024-11-10 03:17:55 +0000"
    },
    "done": true
  },
  "minecraft:recipes/building_blocks/polished_deepslate_stairs_from_cobbled_deepslate_stonecutting": {
    "criteria": {
      "has_cobbled_deepslate": "2024-11-10 03:12:51 +0000"
    },
    "done": true
  },
  "iceandfire:iceandfire/root": {
    "criteria": {
      "tick": "2024-11-10 03:09:03 +0000"
    },
    "done": true
  },
  "soulsweapons:recipes/combat/master_sword": {
    "criteria": {
      "has_lord_soul": "2024-11-10 03:20:59 +0000"
    },
    "done": true
  },
  "minecraft:recipes/building_blocks/smooth_basalt": {
    "criteria": {
      "has_basalt": "2024-11-10 03:11:44 +0000"
    },
    "done": true
  },
  "minecraft:recipes/decorations/deepslate_brick_wall_from_cobbled_deepslate_stonecutting": {
    "criteria": {
      "has_cobbled_deepslate": "2024-11-10 03:12:51 +0000"
    },
    "done": true
  },
  "minecraft:recipes/building_blocks/polished_deepslate_from_cobbled_deepslate_stonecutting": {
    "criteria": {
      "has_cobbled_deepslate": "2024-11-10 03:12:51 +0000"
    },
    "done": true
  },
  "majruszsdifficulty:bleeding": {
    "criteria": {
      "bleeding_applied": "2024-11-10 03:09:32 +0000"
    },
    "done": true
  },
  "soulsweapons:recipes/combat/lich_bane": {
    "criteria": {
      "has_item": "2024-11-10 03:20:59 +0000"
    },
    "done": true
  },
  "soulsweapons:demon_heart": {
    "criteria": {
      "items": "2024-11-10 03:25:41 +0000"
    },
    "done": true
  },
  "travelersbackpack:recipes/misc/skeleton": {
    "criteria": {
      "has_arrow": "2024-11-10 03:17:55 +0000"
    },
    "done": true
  },
  "minecraft:recipes/tools/stone_pickaxe": {
    "criteria": {
      "has_cobblestone": "2024-11-10 03:12:51 +0000"
    },
    "done": true
  },
  "minecraft:recipes/building_blocks/cobbled_deepslate_slab_from_cobbled_deepslate_stonecutting": {
    "criteria": {
      "has_cobbled_deepslate": "2024-11-10 03:12:51 +0000"
    },
    "done": true
  },
  "soulsweapons:recipes/combat/galeforce": {
    "criteria": {
      "has_item": "2024-11-10 03:20:59 +0000"
    },
    "done": true
  },
  "minecraft:recipes/decorations/campfire": {
    "criteria": {
      "has_coal": "2024-11-10 03:18:58 +0000"
    },
    "done": true
  },
  "minecraft:recipes/building_blocks/deepslate_tile_slab_from_cobbled_deepslate_stonecutting": {
    "criteria": {
      "has_cobbled_deepslate": "2024-11-10 03:12:51 +0000"
    },
    "done": true
  },
  "soulsweapons:recipes/misc/demon_chunk": {
    "criteria": {
      "has_item": "2024-11-10 03:25:41 +0000"
    },
    "done": true
  },
  "tombstone:adventure/first_grave": {
    "criteria": {
      "coded_trigger": "2024-11-10 03:10:32 +0000"
    },
    "done": true
  },
  "minecraft:recipes/misc/charcoal": {
    "criteria": {
      "has_log": "2024-11-10 03:12:41 +0000"
    },
    "done": true
  },
  "skilltree:recipes/combat/bone_quiver": {
    "criteria": {
      "has_bone": "2024-11-10 03:17:55 +0000"
    },
    "done": true
  },
  "soulsweapons:recipes/misc/smelt_withered_demon_heart": {
    "criteria": {
      "has_item": "2024-11-10 03:20:59 +0000"
    },
    "done": true
  },
  "minecraft:story/form_obsidian": {
    "criteria": {
      "obsidian": "2024-11-10 03:11:11 +0000"
    },
    "done": true
  },
  "iceandfire:recipes/food/gold_pile": {
    "criteria": {
      "has_item": "2024-11-10 03:19:19 +0000"
    },
    "done": true
  },
  "minecraft:recipes/building_blocks/polished_blackstone_brick_slab_from_polished_blackstone_bricks_stonecutting": {
    "criteria": {
      "has_polished_blackstone_bricks": "2024-11-10 03:31:01 +0000"
    },
    "done": true
  },
  "minecraft:adventure/root": {
    "criteria": {
      "killed_by_something": "2024-11-10 03:10:32 +0000"
    },
    "done": true
  },
  "soulsweapons:recipes/combat/frostmourne": {
    "criteria": {
      "has_item": "2024-11-10 03:20:59 +0000"
    },
    "done": true
  },
  "soulsweapons:recipes/combat/dragon_staff": {
    "criteria": {
      "has_item": "2024-11-10 03:17:53 +0000"
    },
    "done": true
  },
  "minecraft:recipes/decorations/deepslate_tile_wall_from_cobbled_deepslate_stonecutting": {
    "criteria": {
      "has_cobbled_deepslate": "2024-11-10 03:12:51 +0000"
    },
    "done": true
  },
  "minecraft:recipes/decorations/polished_blackstone_brick_wall": {
    "criteria": {
      "has_polished_blackstone_bricks": "2024-11-10 03:31:01 +0000"
    },
    "done": true
  },
  "minecraft:recipes/building_blocks/oak_planks": {
    "criteria": {
      "has_logs": "2024-11-10 03:12:41 +0000"
    },
    "done": true
  },
  "soulsweapons:recipes/combat/whirligig_sawblade": {
    "criteria": {
      "has_item": "2024-11-10 03:20:59 +0000"
    },
    "done": true
  },
  "tombstone:recipes/from_grave_dust": {
    "criteria": {
      "has_ingredient": "2024-11-10 03:18:58 +0000"
    },
    "done": true
  },
  "minecraft:recipes/building_blocks/stripped_oak_wood": {
    "criteria": {
      "has_log": "2024-11-10 03:12:41 +0000"
    },
    "done": true
  },
  "parcool:grant_parcool_guide": {
    "criteria": {
      "tick": "2024-11-10 03:09:03 +0000"
    },
    "done": true
  },
  "securitycraft:recipes/misc/sc_manual": {
    "criteria": {
      "has_wood": "2024-11-10 03:12:41 +0000"
    },
    "done": true
  },
  "born_in_chaos_v1:bornin_chaos": {
    "criteria": {
      "bornin_chaos_0": "2024-11-10 03:09:03 +0000"
    },
    "done": true
  },
  "securitycraft:recipes/misc/reinforced_nether_brick_fence": {
    "criteria": {
      "has_stick": "2024-11-10 03:22:07 +0000"
    },
    "done": true
  },
  "minecraft:nether/find_fortress": {
    "criteria": {
      "fortress": "2024-11-10 03:16:19 +0000"
    },
    "done": true
  },
  "minecraft:recipes/tools/stone_shovel": {
    "criteria": {
      "has_cobblestone": "2024-11-10 03:12:51 +0000"
    },
    "done": true
  },
  "tombstone:adventure/root": {
    "criteria": {
      "auto": "2024-11-10 03:09:04 +0000"
    },
    "done": true
  },
  "minecraft:recipes/building_blocks/polished_basalt": {
    "criteria": {
      "has_basalt": "2024-11-10 03:11:44 +0000"
    },
    "done": true
  },
  "soulsweapons:recipes/combat/forlorn_scythe": {
    "criteria": {
      "has_item": "2024-11-10 03:20:59 +0000"
    },
    "done": true
  },
  "travelersbackpack:recipes/misc/coal": {
    "criteria": {
      "has_coal": "2024-11-10 03:18:58 +0000"
    },
    "done": true
  },
  "skilltree:recipes/misc/golden_ring": {
    "criteria": {
      "has_nuggets_gold": "2024-11-10 03:19:19 +0000"
    },
    "done": true
  },
  "soulsweapons:recipes/combat/dragonslayer_swordspear": {
    "criteria": {
      "has_item": "2024-11-10 03:20:59 +0000"
    },
    "done": true
  },
  "minecraft:unlock_deep_pockets_book": {
    "criteria": {
      "exists": "2024-11-10 03:09:03 +0000"
    },
    "done": true
  },
  "minecraft:recipes/building_blocks/polished_blackstone_brick_stairs": {
    "criteria": {
      "has_polished_blackstone_bricks": "2024-11-10 03:31:01 +0000"
    },
    "done": true
  },
  "alexsmobs:alexsmobs/crimson_mosquito": {
    "criteria": {
      "killed_by": "2024-11-10 03:23:44 +0000"
    },
    "done": true
  },
  "minecraft:recipes/building_blocks/deepslate_brick_stairs_from_cobbled_deepslate_stonecutting": {
    "criteria": {
      "has_cobbled_deepslate": "2024-11-10 03:12:51 +0000"
    },
    "done": true
  },
  "minecraft:recipes/combat/stone_sword": {
    "criteria": {
      "has_cobblestone": "2024-11-10 03:12:51 +0000"
    },
    "done": true
  },
  "minecraft:recipes/misc/gold_nugget_from_smelting": {
    "criteria": {
      "has_golden_boots": "2024-11-10 03:26:34 +0000"
    },
    "done": true
  },
  "minecraft:recipes/tools/stone_axe": {
    "criteria": {
      "has_cobblestone": "2024-11-10 03:12:51 +0000"
    },
    "done": true
  },
  "soulsweapons:recipes/combat/dawnbreaker": {
    "criteria": {
      "has_lord_soul": "2024-11-10 03:20:59 +0000"
    },
    "done": true
  },
  "soulsweapons:recipes/combat/darkin_scythe_pre": {
    "criteria": {
      "has_item": "2024-11-10 03:20:59 +0000"
    },
    "done": true
  },
  "soulsweapons:all_weapons": {
    "criteria": {
      "darkin_blade": "2024-11-10 03:20:59 +0000"
    },
    "done": false
  },
  "minecraft:story/enter_the_nether": {
    "criteria": {
      "entered_nether": "2024-11-10 03:11:31 +0000"
    },
    "done": true
  },
  "minecraft:recipes/misc/gold_ingot_from_nuggets": {
    "criteria": {
      "has_gold_nugget": "2024-11-10 03:19:19 +0000"
    },
    "done": true
  },
  "soulsweapons:recipes/combat/leviathan_axe_right": {
    "criteria": {
      "has_item": "2024-11-10 03:20:59 +0000"
    },
    "done": true
  },
  "majruszsdifficulty:game_stage_normal": {
    "criteria": {
      "is_triggered": "2024-11-10 03:09:03 +0000"
    },
    "done": true
  },
  "securitycraft:recipes/redstone/laser_block": {
    "criteria": {
      "has_stone": "2024-11-10 03:12:51 +0000"
    },
    "done": true
  },
  "soulsweapons:recipes/combat/draupnir_spear": {
    "criteria": {
      "has_item": "2024-11-10 03:20:59 +0000"
    },
    "done": true
  },
  "born_in_chaos_v1:trickor_treat": {
    "criteria": {
      "trickor_treat_4": "2024-11-10 03:18:58 +0000",
      "trickor_treat_5": "2024-11-10 03:18:58 +0000"
    },
    "done": false
  },
  "minecraft:recipes/building_blocks/chiseled_deepslate_from_cobbled_deepslate_stonecutting": {
    "criteria": {
      "has_cobbled_deepslate": "2024-11-10 03:12:51 +0000"
    },
    "done": true
  },
  "soulsweapons:recipes/misc/molten_demon_heart": {
    "criteria": {
      "has_item": "2024-11-10 03:25:41 +0000"
    },
    "done": true
  },
  "minecraft:recipes/decorations/cobbled_deepslate_wall_from_cobbled_deepslate_stonecutting": {
    "criteria": {
      "has_cobbled_deepslate": "2024-11-10 03:12:51 +0000"
    },
    "done": true
  },
  "soulsweapons:recipes/combat/holy_moonlight_sword": {
    "criteria": {
      "has_lord_soul": "2024-11-10 03:20:59 +0000"
    },
    "done": true
  },
  "soulsweapons:recipes/combat/moonlight_shortsword": {
    "criteria": {
      "has_lord_soul": "2024-11-10 03:20:59 +0000"
    },
    "done": true
  },
  "majruszsdifficulty:game_stage_expert": {
    "criteria": {
      "is_triggered": "2024-11-10 03:11:31 +0000"
    },
    "done": true
  },
  "soulsweapons:recipes/combat/comet_spear": {
    "criteria": {
      "has_item": "2024-11-10 03:20:59 +0000"
    },
    "done": true
  },
  "minecraft:recipes/misc/bone_meal": {
    "criteria": {
      "has_bone": "2024-11-10 03:17:55 +0000"
    },
    "done": true
  },
  "minecraft:recipes/decorations/cobbled_deepslate_wall": {
    "criteria": {
      "has_cobbled_deepslate": "2024-11-10 03:12:51 +0000"
    },
    "done": true
  },
  "minecraft:recipes/decorations/polished_deepslate_wall_from_cobbled_deepslate_stonecutting": {
    "criteria": {
      "has_cobbled_deepslate": "2024-11-10 03:12:51 +0000"
    },
    "done": true
  },
  "minecraft:husbandry/root": {
    "criteria": {
      "consumed_item": "2024-11-10 03:15:11 +0000"
    },
    "done": true
  },
  "minecraft:recipes/building_blocks/cobbled_deepslate_stairs_from_cobbled_deepslate_stonecutting": {
    "criteria": {
      "has_cobbled_deepslate": "2024-11-10 03:12:51 +0000"
    },
    "done": true
  },
  "minecraft:recipes/building_blocks/deepslate": {
    "criteria": {
      "has_cobbled_deepslate": "2024-11-10 03:12:51 +0000"
    },
    "done": true
  },
  "minecraft:recipes/building_blocks/coal_block": {
    "criteria": {
      "has_coal": "2024-11-10 03:18:58 +0000"
    },
    "done": true
  },
  "soulsweapons:recipes/combat/darkin_blade": {
    "criteria": {
      "has_lord_soul": "2024-11-10 03:20:59 +0000"
    },
    "done": true
  },
  "cataclysm:root": {
    "criteria": {
      "custom_test_name": "2024-11-10 03:09:03 +0000"
    },
    "done": true
  },
  "soulsweapons:recipes/combat/freyr_sword": {
    "criteria": {
      "has_item": "2024-11-10 03:20:59 +0000"
    },
    "done": true
  },
  "minecraft:recipes/building_blocks/polished_deepslate_slab_from_cobbled_deepslate_stonecutting": {
    "criteria": {
      "has_cobbled_deepslate": "2024-11-10 03:12:51 +0000"
    },
    "done": true
  },
  "bosses_of_mass_destruction:nether/gauntlet_defeat": {
    "criteria": {
      "bosses_of_mass_destruction:gauntlet": "2024-11-10 03:30:50 +0000"
    },
    "done": true
  },
  "minecraft:recipes/building_blocks/deepslate_brick_slab_from_cobbled_deepslate_stonecutting": {
    "criteria": {
      "has_cobbled_deepslate": "2024-11-10 03:12:51 +0000"
    },
    "done": true
  },
  "minecraft:nether/root": {
    "criteria": {
      "entered_nether": "2024-11-10 03:11:31 +0000"
    },
    "done": true
  },
  "minecraft:recipes/tools/flint_and_steel": {
    "criteria": {
      "has_obsidian": "2024-11-10 03:11:11 +0000"
    },
    "done": true
  },
  "minecraft:recipes/building_blocks/nether_bricks": {
    "criteria": {
      "has_nether_brick": "2024-11-10 03:22:07 +0000"
    },
    "done": true
  },
  "soulsweapons:recipes/combat/rageblade": {
    "criteria": {
      "has_item": "2024-11-10 03:20:59 +0000"
    },
    "done": true
  },
  "minecraft:recipes/building_blocks/cobbled_deepslate_stairs": {
    "criteria": {
      "has_cobbled_deepslate": "2024-11-10 03:12:51 +0000"
    },
    "done": true
  },
  "soulsweapons:recipes/decorations/crimson_obsidian": {
    "criteria": {
      "has_item": "2024-11-10 03:25:41 +0000"
    },
    "done": true
  },
  "travelersbackpack:recipes/misc/wolf": {
    "criteria": {
      "has_bone": "2024-11-10 03:17:55 +0000"
    },
    "done": true
  },
  "soulsweapons:recipes/combat/nightfall": {
    "criteria": {
      "has_item": "2024-11-10 03:20:59 +0000"
    },
    "done": true
  },
  "minecraft:recipes/decorations/polished_blackstone_brick_wall_from_polished_blackstone_bricks_stonecutting": {
    "criteria": {
      "has_polished_blackstone_bricks": "2024-11-10 03:31:01 +0000"
    },
    "done": true
  },
  "securitycraft:recipes/building_blocks/reinforced_andesite": {
    "criteria": {
      "has_cobblestone": "2024-11-10 03:12:51 +0000"
    },
    "done": true
  },
  "soulsweapons:bloodthirsty": {
    "criteria": {
      "effect": "2024-11-10 03:26:02 +0000"
    },
    "done": false
  },
  "minecraft:recipes/building_blocks/polished_basalt_from_basalt_stonecutting": {
    "criteria": {
      "has_basalt": "2024-11-10 03:11:44 +0000"
    },
    "done": true
  },
  "travelersbackpack:recipes/misc/blaze": {
    "criteria": {
      "has_blaze_rod": "2024-11-10 03:17:53 +0000"
    },
    "done": true
  },
  "securitycraft:recipes/building_blocks/reinforced_diorite": {
    "criteria": {
      "has_cobblestone": "2024-11-10 03:12:51 +0000"
    },
    "done": true
  },
  "minecraft:recipes/brewing/blaze_powder": {
    "criteria": {
      "has_blaze_rod": "2024-11-10 03:17:53 +0000"
    },
    "done": true
  },
  "minecraft:adventure/kill_a_mob": {
    "criteria": {
      "minecraft:skeleton": "2024-11-10 03:16:54 +0000"
    },
    "done": true
  },
  "soulsweapons:recipes/combat/kraken_slayer_crossbow": {
    "criteria": {
      "has_item": "2024-11-10 03:20:59 +0000"
    },
    "done": true
  },
  "minecraft:recipes/building_blocks/deepslate_bricks_from_cobbled_deepslate_stonecutting": {
    "criteria": {
      "has_cobbled_deepslate": "2024-11-10 03:12:51 +0000"
    },
    "done": true
  },
  "minecraft:adventure/adventuring_time": {
    "criteria": {
      "minecraft:forest": "2024-11-10 03:09:04 +0000"
    },
    "done": false
  },
  "minecraft:nether/find_bastion": {
    "criteria": {
      "bastion": "2024-11-10 03:31:18 +0000"
    },
    "done": true
  },
  "soulsweapons:recipes/combat/crucible_sword": {
    "criteria": {
      "has_lord_soul": "2024-11-10 03:20:59 +0000"
    },
    "done": true
  },
  "minecraft:husbandry/balanced_diet": {
    "criteria": {
      "enchanted_golden_apple": "2024-11-10 03:15:11 +0000"
    },
    "done": false
  },
  "minecraft:recipes/building_blocks/deepslate_tiles_from_cobbled_deepslate_stonecutting": {
    "criteria": {
      "has_cobbled_deepslate": "2024-11-10 03:12:51 +0000"
    },
    "done": true
  },
  "minecraft:recipes/decorations/enchanting_table": {
    "criteria": {
      "has_obsidian": "2024-11-10 03:11:11 +0000"
    },
    "done": true
  },
  "minecraft:recipes/tools/stone_hoe": {
    "criteria": {
      "has_cobblestone": "2024-11-10 03:12:51 +0000"
    },
    "done": true
  },
  "tombstone:adventure/ashes_and_bones": {
    "criteria": {
      "coded_trigger": "2024-11-10 03:19:24 +0000"
    },
    "done": true
  },
  "minecraft:recipes/brewing/brewing_stand": {
    "criteria": {
      "has_blaze_rod": "2024-11-10 03:17:53 +0000"
    },
    "done": true
  },
  "soulsweapons:recipes/combat/skofnung": {
    "criteria": {
      "has_lord_soul": "2024-11-10 03:20:59 +0000"
    },
    "done": true
  },
  "minecraft:recipes/misc/mojang_banner_pattern": {
    "criteria": {
      "has_enchanted_golden_apple": "2024-11-10 03:12:29 +0000"
    },
    "done": true
  },
  "DataVersion": 3465
}